query,bucket,organic_position,organic_clicks,paid_clicks,paid_cost,paid_conv,campaigns
nypllc,OVERLAP_TOP3,1.0,22,67,503.59,11.0,01_Core_Exact_NY | Sales-Search-1
register pllc,OVERLAP_TOP3,1.0,0,2,21.02,0.0,Sales-Search-1
how to apply for a pllc,OVERLAP_TOP3,1.0,0,2,6.05,0.0,01_Core_Exact_NY | Sales-Search-1
llc vs pllc,OVERLAP_TOP3,3.0,0,1,3.3,0.0,Sales-Search-1
how to set up pllc,OVERLAP_TOP3,1.0,0,0,0.0,0.0,01_Core_Exact_NY | Sales-Search-1
lcsw pllc,OVERLAP_TOP3,1.0,0,0,0.0,0.0,Sales-Search-1
pllc application ny,OVERLAP_PAGE1,9.3,2,20,198.81,4.0,Sales-Search-1
nys pllc formation,OVERLAP_PAGE1,8.0,1,10,131.06,4.0,Sales-Search-1
pllc nyc,OVERLAP_PAGE1,5.3,0,16,88.09,1.0,Sales-Search-1
how long does it take to form a pllc in ny,OVERLAP_PAGE1,8.8,0,5,62.93,0.0,Sales-Search-1
pllc filing,OVERLAP_PAGE1,7.7,0,4,27.38,0.0,Sales-Search-1
form pllc,OVERLAP_PAGE1,10.0,0,3,20.88,0.0,Sales-Search-1
nysed pllc,OVERLAP_PAGE1,10.0,0,2,13.54,0.0,Sales-Search-1
open a pllc,OVERLAP_PAGE1,6.2,0,4,7.07,0.0,Sales-Search-1
how to open a pllc,OVERLAP_PAGE1,6.3,0,1,4.32,0.0,Sales-Search-1
legalzoom pllc,OVERLAP_PAGE1,8.5,0,1,3.13,0.0,Sales-Search-1
lcsw,OVERLAP_PAGE1,6.8,0,0,0.0,0.0,Sales-Search-1
certificate of publication,OVERLAP_PAGE1,5.0,0,0,0.0,0.0,Sales-Search-1
legal zoom pllc,OVERLAP_PAGE1,8.0,0,0,0.0,0.0,Sales-Search-1
pllc cost,OVERLAP_PAGE1,7.3,0,0,0.0,0.0,Sales-Search-1
pllc formation new york,OVERLAP_DEEP,26.5,1,101,1298.41,18.6,Sales-Search-1
ny pllc formation,OVERLAP_DEEP,28.9,6,96,1160.25,13.0,01_Core_Exact_NY | Sales-Search-1
pllc new york,OVERLAP_DEEP,35.9,1,71,693.68,9.2,01_Core_Exact_NY | Sales-Search-1
ny pllc,OVERLAP_DEEP,20.4,1,48,381.32,5.0,01_Core_Exact_NY | Sales-Search-1
pllc,OVERLAP_DEEP,39.7,0,48,314.55,4.5,Sales-Search-1
new york pllc formation,OVERLAP_DEEP,25.1,3,23,216.07,3.0,01_Core_Exact_NY | Sales-Search-1
pllc formation,OVERLAP_DEEP,25.2,0,20,197.32,1.5,Sales-Search-1
forming a pllc in ny,OVERLAP_DEEP,30.9,0,18,177.02,5.0,Sales-Search-1
pllc ny,OVERLAP_DEEP,44.8,1,22,162.28,1.0,01_Core_Exact_NY | Sales-Search-1
new york pllc,OVERLAP_DEEP,32.7,0,22,155.95,1.0,01_Core_Exact_NY | Sales-Search-1
pllc nys,OVERLAP_DEEP,40.8,0,17,129.8,1.0,Sales-Search-1
form pllc new york,OVERLAP_DEEP,37.6,2,10,124.66,1.0,01_Core_Exact_NY | Sales-Search-1
pllc new york state,OVERLAP_DEEP,19.3,0,18,114.24,0.0,01_Core_Exact_NY | Sales-Search-1
pllc in new york,OVERLAP_DEEP,43.9,0,8,87.74,0.0,Sales-Search-1
start a pllc,OVERLAP_DEEP,17.9,0,7,68.5,1.0,Sales-Search-1
nys pllc,OVERLAP_DEEP,40.9,0,8,64.24,0.0,Sales-Search-1
pllc in ny,OVERLAP_DEEP,28.8,1,8,59.88,0.0,Sales-Search-1
form a pllc,OVERLAP_DEEP,14.5,0,4,59.74,1.0,Sales-Search-1
new york state pllc,OVERLAP_DEEP,30.1,0,4,56.28,0.0,01_Core_Exact_NY | Sales-Search-1
create pllc,OVERLAP_DEEP,12.3,0,5,54.02,0.0,Sales-Search-1
how to form a pllc in new york,OVERLAP_DEEP,36.3,1,9,50.79,0.0,Sales-Search-1
forming a pllc,OVERLAP_DEEP,36.5,0,5,48.4,1.0,Sales-Search-1
pllc new york cost,OVERLAP_DEEP,17.4,0,6,38.76,2.5,Sales-Search-1
pllc application,OVERLAP_DEEP,36.7,0,3,31.72,0.0,Sales-Search-1
ny pllc checklist,OVERLAP_DEEP,47.6,1,8,30.4,0.0,Sales-Search-1
pllc formation services,OVERLAP_DEEP,26.2,0,3,28.62,1.5,Sales-Search-1
pllc formation in new york,OVERLAP_DEEP,33.7,0,1,27.1,0.0,Sales-Search-1
create a pllc,OVERLAP_DEEP,19.9,1,2,26.38,0.0,Sales-Search-1
how to form a pllc,OVERLAP_DEEP,35.6,0,2,19.4,0.0,01_Core_Exact_NY | Sales-Search-1
professional llc,OVERLAP_DEEP,48.2,0,2,19.12,0.0,Sales-Search-1
forming a pllc in new york,OVERLAP_DEEP,40.1,0,3,18.96,0.0,Sales-Search-1
pllc legal zoom,OVERLAP_DEEP,10.8,1,2,18.88,0.0,Sales-Search-1
pllc vs llc,OVERLAP_DEEP,32.0,0,2,17.25,0.0,Sales-Search-1
new york pllc name requirements,OVERLAP_DEEP,37.3,0,2,13.25,0.0,Sales-Search-1
how to set up a pllc,OVERLAP_DEEP,50.3,0,2,12.78,0.0,01_Core_Exact_NY | Sales-Search-1
pllc lawyer,OVERLAP_DEEP,16.4,0,3,11.53,0.0,Sales-Search-1
how to create a pllc in ny,OVERLAP_DEEP,15.6,0,2,10.74,0.0,Sales-Search-1
how to start a pllc,OVERLAP_DEEP,24.6,0,3,7.54,0.0,01_Core_Exact_NY | Sales-Search-1
pllc company,OVERLAP_DEEP,49.0,0,2,7.02,0.0,Sales-Search-1
pllc vs llc new york,OVERLAP_DEEP,26.0,0,2,4.77,0.0,Sales-Search-1
professional limited liability company,OVERLAP_DEEP,61.4,0,1,3.66,0.0,Sales-Search-1
do i need a pllc in new york,OVERLAP_DEEP,55.6,0,2,3.45,0.0,Sales-Search-1
how to form a pllc in ny,OVERLAP_DEEP,29.8,0,1,3.22,0.0,Sales-Search-1
starting a pllc,OVERLAP_DEEP,13.4,0,1,1.89,0.0,Sales-Search-1
pllc articles of organization,OVERLAP_DEEP,32.3,0,0,0.0,0.0,Sales-Search-1
new york llc formation service,OVERLAP_DEEP,32.0,0,0,0.0,0.0,Sales-Search-1
pllc law,OVERLAP_DEEP,31.3,0,0,0.0,0.0,Sales-Search-1
how to create a pllc,OVERLAP_DEEP,36.4,0,0,0.0,0.0,01_Core_Exact_NY | Sales-Search-1
pllc requirements,OVERLAP_DEEP,32.5,0,0,0.0,0.0,Sales-Search-1
how to form a pc in ny,OVERLAP_DEEP,50.8,0,0,0.0,0.0,Sales-Search-1
professional service limited liability company,OVERLAP_DEEP,47.0,0,0,0.0,0.0,Sales-Search-1
licensed mental health counselor new york,OVERLAP_DEEP,34.0,0,0,0.0,0.0,Sales-Search-1
pllc therapist,OVERLAP_DEEP,26.0,0,0,0.0,0.0,Sales-Search-1
lmhc nys,OVERLAP_DEEP,28.3,0,0,0.0,0.0,Sales-Search-1
llc vs pllc new york,OVERLAP_DEEP,34.6,0,0,0.0,0.0,Sales-Search-1
licensed mental health counselor,OVERLAP_DEEP,33.5,0,0,0.0,0.0,Sales-Search-1
professional limited liability company pllc,OVERLAP_DEEP,76.7,0,0,0.0,0.0,Sales-Search-1
lcsw nys,OVERLAP_DEEP,38.0,0,0,0.0,0.0,Sales-Search-1
nyllc,OVERLAP_DEEP,47.9,0,0,0.0,0.0,Sales-Search-1
pllc legal,OVERLAP_DEEP,29.1,0,0,0.0,0.0,Sales-Search-1
law pllc,OVERLAP_DEEP,27.0,0,0,0.0,0.0,Sales-Search-1
domestic professional limited liability company,OVERLAP_DEEP,22.0,0,0,0.0,0.0,Sales-Search-1
how to get a pllc,OVERLAP_DEEP,24.8,1,0,0.0,0.0,Sales-Search-1
lmhc ny,OVERLAP_DEEP,38.5,0,0,0.0,0.0,Sales-Search-1
lcsw new york,OVERLAP_DEEP,37.5,0,0,0.0,0.0,Sales-Search-1
pllc name requirements,OVERLAP_DEEP,28.3,0,0,0.0,0.0,Sales-Search-1
new york lcsw,OVERLAP_DEEP,32.8,0,0,0.0,0.0,Sales-Search-1
new york llc formation services,OVERLAP_DEEP,22.3,0,0,0.0,0.0,Sales-Search-1
lcsw in ny,OVERLAP_DEEP,40.0,0,0,0.0,0.0,Sales-Search-1
sterlington pllc,OVERLAP_DEEP,11.0,0,0,0.0,0.0,Sales-Search-1
ny lcsw,OVERLAP_DEEP,36.0,0,0,0.0,0.0,Sales-Search-1
lmhc new york,OVERLAP_DEEP,45.0,0,0,0.0,0.0,Sales-Search-1
professional llc new york,OVERLAP_DEEP,41.3,0,0,0.0,0.0,Sales-Search-1
p llc,OVERLAP_DEEP,22.8,0,0,0.0,0.0,Sales-Search-1
setting up a pllc,OVERLAP_DEEP,48.5,0,0,0.0,0.0,Sales-Search-1
apply for pllc,OVERLAP_DEEP,27.8,0,0,0.0,0.0,Sales-Search-1
pc vs pllc new york,OVERLAP_DEEP,22.0,0,0,0.0,0.0,Sales-Search-1
professional service llc,OVERLAP_DEEP,25.0,0,0,0.0,0.0,Sales-Search-1
creating a pllc,OVERLAP_DEEP,20.4,0,0,0.0,0.0,Sales-Search-1
pllc vs pc new york,OVERLAP_DEEP,22.3,0,0,0.0,0.0,Sales-Search-1
pllc registration,OVERLAP_DEEP,22.1,0,0,0.0,0.0,Sales-Search-1
pllc attorney,OVERLAP_DEEP,10.2,0,0,0.0,0.0,Sales-Search-1
foreign qualification new york,OVERLAP_DEEP,40.3,0,0,0.0,0.0,Sales-Search-1
pllc registered agent,OVERLAP_DEEP,11.0,0,0,0.0,0.0,Sales-Search-1
articles of organization,OVERLAP_DEEP,12.0,0,0,0.0,0.0,Sales-Search-1
pllc law firm,OVERLAP_DEEP,10.7,0,0,0.0,0.0,Sales-Search-1
new york licensed mental health counselor,OVERLAP_DEEP,70.0,0,0,0.0,0.0,Sales-Search-1
mental health counselor license new york,OVERLAP_DEEP,41.0,0,0,0.0,0.0,Sales-Search-1
pllc ein,OVERLAP_DEEP,54.0,0,0,0.0,0.0,Sales-Search-1
lcsw ny,OVERLAP_DEEP,39.3,0,0,0.0,0.0,Sales-Search-1
pllc new york formation,PAID_ONLY,,0,3,52.45,0.0,Sales-Search-1
form a pllc in new york,PAID_ONLY,,0,4,42.6,0.0,Sales-Search-1
ny llc publication service,PAID_ONLY,,0,2,33.68,0.0,Sales-Search-1
start pllc,PAID_ONLY,,0,3,33.11,0.0,01_Core_Exact_NY | Sales-Search-1
forming an llc in new york state,PAID_ONLY,,0,1,30.03,0.0,Sales-Search-1
ny llc publishing,PAID_ONLY,,0,3,29.92,0.0,Sales-Search-1
the new york registered agent co,PAID_ONLY,,0,1,24.51,0.0,Sales-Search-1
ny llc,PAID_ONLY,,0,1,23.75,0.0,Sales-Search-1
check llc availability,PAID_ONLY,,0,1,23.23,0.0,Sales-Search-1
forming pllc in new york,PAID_ONLY,,0,3,22.33,0.0,Sales-Search-1
windsor corporate services,PAID_ONLY,,0,1,21.1,0.0,Sales-Search-1
ny registered agent search,PAID_ONLY,,0,1,19.72,0.0,Sales-Search-1
how to form a professional corporation in new york,PAID_ONLY,,0,1,18.02,0.0,Sales-Search-1
ny llc publishing service,PAID_ONLY,,0,1,17.91,0.0,Sales-Search-1
zen business pllc,PAID_ONLY,,0,2,17.3,1.0,Sales-Search-1
forming pllc,PAID_ONLY,,0,1,16.75,0.0,Sales-Search-1
ny llcta,PAID_ONLY,,0,1,16.65,0.0,Sales-Search-1
how to start a pllc in new york,PAID_ONLY,,0,4,16.47,0.0,Sales-Search-1
professional corporation new york,PAID_ONLY,,0,3,14.51,0.0,Sales-Search-1
business filing solutions,PAID_ONLY,,0,1,14.4,0.0,01_Core_Exact_NY
new york professional corporation,PAID_ONLY,,0,1,14.33,0.0,Sales-Search-1
my pllc,PAID_ONLY,,0,2,13.31,1.0,Sales-Search-1
pllc online,PAID_ONLY,,0,1,12.57,0.0,Sales-Search-1
pllc vs pc,PAID_ONLY,,0,2,12.26,0.0,Sales-Search-1
convert llc to pllc new york,PAID_ONLY,,0,1,11.6,0.0,Sales-Search-1
new york publication requirement,PAID_ONLY,,0,1,10.98,0.0,Sales-Search-1
new york llc publishing,PAID_ONLY,,0,1,10.54,0.0,Sales-Search-1
nyc llc publication service,PAID_ONLY,,0,2,10.44,0.0,Sales-Search-1
ny pllc requirements,PAID_ONLY,,0,2,8.43,0.0,01_Core_Exact_NY | Sales-Search-1
certificate of incorporation new york,PAID_ONLY,,0,1,8.08,0.0,Sales-Search-1
my startup llc,PAID_ONLY,,0,1,7.55,0.0,Sales-Search-1
new york biennial report filing,PAID_ONLY,,0,1,7.52,0.0,Sales-Search-1
new york pllc articles of organization,PAID_ONLY,,0,1,7.38,0.0,Sales-Search-1
ny state llc publication requirement,PAID_ONLY,,0,1,7.35,0.0,Sales-Search-1
jennisel marte,PAID_ONLY,,0,1,7.22,0.0,Sales-Search-1
set up pllc,PAID_ONLY,,0,1,7.07,0.0,Sales-Search-1
new york llc publication service,PAID_ONLY,,0,1,6.73,0.0,Sales-Search-1
new york llc publication,PAID_ONLY,,0,1,6.58,0.0,Sales-Search-1
llc publication nyc,PAID_ONLY,,0,1,5.91,1.0,Sales-Search-1
publish my llc,PAID_ONLY,,0,1,5.85,0.0,Sales-Search-1
new york licensing services,PAID_ONLY,,0,2,5.59,0.0,Sales-Search-1
new york llc newspaper publication,PAID_ONLY,,0,1,5.57,0.0,Sales-Search-1
llc qualifications,PAID_ONLY,,0,1,5.48,0.0,Sales-Search-1
affective lcsw services,PAID_ONLY,,0,1,4.92,0.0,Sales-Search-1
manhattan business lawyer,PAID_ONLY,,0,1,4.82,0.0,Sales-Search-1
pllc nurse practitioner,PAID_ONLY,,0,1,4.73,0.0,Sales-Search-1
pllc lawyer near me,PAID_ONLY,,0,1,4.68,0.0,Sales-Search-1
pllc lookup ny,PAID_ONLY,,0,1,4.38,0.0,Sales-Search-1
nys lcsw application,PAID_ONLY,,0,1,4.23,0.0,Sales-Search-1
new york llc publication cost,PAID_ONLY,,0,1,4.22,0.0,Sales-Search-1
lcsw remote jobs ny,PAID_ONLY,,0,1,4.2,0.0,Sales-Search-1
authorization to do business in ny,PAID_ONLY,,0,1,4.06,0.0,Sales-Search-1
professional limited liability company formation,PAID_ONLY,,0,1,3.85,0.0,Sales-Search-1
lcsw website,PAID_ONLY,,0,1,3.75,0.0,Sales-Search-1
lcsw ceu requirements ny,PAID_ONLY,,0,1,3.55,0.0,Sales-Search-1
certificate of publication llc ny,PAID_ONLY,,0,1,3.38,0.0,Sales-Search-1
pllc names,PAID_ONLY,,0,1,3.36,0.0,Sales-Search-1
pc or pllc,PAID_ONLY,,0,1,3.12,0.0,Sales-Search-1
certificate of authority new york state,PAID_ONLY,,0,1,3.0,0.0,Sales-Search-1
pllc operating agreement new york,PAID_ONLY,,0,1,2.88,0.0,Sales-Search-1
nys pllc requirements,PAID_ONLY,,0,1,2.65,0.0,01_Core_Exact_NY | Sales-Search-1
professional corporation ny,PAID_ONLY,,0,1,2.65,0.0,Sales-Search-1
new york pllc requirements,PAID_ONLY,,0,1,2.23,0.0,Sales-Search-1
pllc operating agreement,PAID_ONLY,,0,1,2.19,0.0,Sales-Search-1
pllc stands for,PAID_ONLY,,0,1,2.13,0.0,Sales-Search-1
new york secretary of state business registration,PAID_ONLY,,0,1,2.06,0.0,Sales-Search-1
new york state business license,PAID_ONLY,,0,1,1.48,0.0,Sales-Search-1
limited liability,PAID_ONLY,,0,1,1.42,0.0,Sales-Search-1
llc new york registration,PAID_ONLY,,0,2,1.0,0.0,Sales-Search-1
new york business license application,PAID_ONLY,,0,1,0.87,0.0,Sales-Search-1
lcsw prep course nyc,PAID_ONLY,,0,1,0.74,0.0,Sales-Search-1
new york llc formation,PAID_ONLY,,0,1,0.49,0.0,Sales-Search-1
fee for service lmsw nyc,PAID_ONLY,,0,0,0.0,0.0,Sales-Search-1
llc formation new york,PAID_ONLY,,0,0,0.0,0.0,Sales-Search-1
file articles of organization online,PAID_ONLY,,0,0,0.0,0.0,Sales-Search-1
new york entity formation,PAID_ONLY,,0,0,0.0,0.0,Sales-Search-1
lcsw in nyc,PAID_ONLY,,0,0,0.0,0.0,Sales-Search-1
nys certificate of publication,PAID_ONLY,,0,0,0.0,0.0,Sales-Search-1
usa corp llc publishing,PAID_ONLY,,0,0,0.0,0.0,Sales-Search-1
rivky weiss,PAID_ONLY,,0,0,0.0,0.0,Sales-Search-1
sullivan & cromwell new york office,PAID_ONLY,,0,0,0.0,0.0,Sales-Search-1
como registrar un negocio en new york,PAID_ONLY,,0,0,0.0,0.0,Sales-Search-1
pllc therapy,PAID_ONLY,,0,0,0.0,0.0,Sales-Search-1
starting a pllc in ny,PAID_ONLY,,0,0,0.0,0.0,Sales-Search-1
get a business license in ny,PAID_ONLY,,0,0,0.0,0.0,Sales-Search-1
new york county llc publication,PAID_ONLY,,0,0,0.0,0.0,Sales-Search-1
ny business search,PAID_ONLY,,0,0,0.0,0.0,Sales-Search-1
p l l c,PAID_ONLY,,0,0,0.0,0.0,Sales-Search-1
capitol services,PAID_ONLY,,0,0,0.0,0.0,Sales-Search-1
how to open a small business in ny,PAID_ONLY,,0,0,0.0,0.0,Sales-Search-1
llc publication,PAID_ONLY,,0,0,0.0,0.0,Sales-Search-1
ny dissolution of corporation,PAID_ONLY,,0,0,0.0,0.0,Sales-Search-1
ny llp,PAID_ONLY,,0,0,0.0,0.0,Sales-Search-1
new york business entity search,PAID_ONLY,,0,0,0.0,0.0,Sales-Search-1
pallc,PAID_ONLY,,0,0,0.0,0.0,Sales-Search-1
pllc agreement,PAID_ONLY,,0,0,0.0,0.0,Sales-Search-1
forming a pc in ny,PAID_ONLY,,0,0,0.0,0.0,Sales-Search-1
small business lawyers,PAID_ONLY,,0,0,0.0,0.0,Sales-Search-1
llc registration ny,PAID_ONLY,,0,0,0.0,0.0,Sales-Search-1
ny business express,PAID_ONLY,,0,0,0.0,0.0,Sales-Search-1
business law in new york,PAID_ONLY,,0,0,0.0,0.0,Sales-Search-1
hunter college social work,PAID_ONLY,,0,0,0.0,0.0,Sales-Search-1
nys certificate of amendment name change,PAID_ONLY,,0,0,0.0,0.0,Sales-Search-1
coda law nyc,PAID_ONLY,,0,0,0.0,0.0,Sales-Search-1
anderson law pllc,PAID_ONLY,,0,0,0.0,0.0,Sales-Search-1
asher & associates p c,PAID_ONLY,,0,0,0.0,0.0,Sales-Search-1
lcsw requirements nyc,PAID_ONLY,,0,0,0.0,0.0,Sales-Search-1
ny business licensing,PAID_ONLY,,0,0,0.0,0.0,Sales-Search-1
how to open a professional corporation,PAID_ONLY,,0,0,0.0,0.0,Sales-Search-1
new york social work license,PAID_ONLY,,0,0,0.0,0.0,Sales-Search-1
new york llc fees,PAID_ONLY,,0,0,0.0,0.0,Sales-Search-1
registered agent ny,PAID_ONLY,,0,0,0.0,0.0,Sales-Search-1
llc publishing requirements,PAID_ONLY,,0,0,0.0,0.0,Sales-Search-1
certificate of formation new jersey,PAID_ONLY,,0,0,0.0,0.0,Sales-Search-1
dos 1361 f a,PAID_ONLY,,0,0,0.0,0.0,Sales-Search-1
shelf company,PAID_ONLY,,0,0,0.0,0.0,Sales-Search-1
how to become a registered agent in ny,PAID_ONLY,,0,0,0.0,0.0,Sales-Search-1
llc binder kit,PAID_ONLY,,0,0,0.0,0.0,Sales-Search-1
cost to set up llc in new york,PAID_ONLY,,0,0,0.0,0.0,Sales-Search-1
articles of organization form,PAID_ONLY,,0,0,0.0,0.0,Sales-Search-1
forming a pc in new york,PAID_ONLY,,0,0,0.0,0.0,Sales-Search-1
pcformation,PAID_ONLY,,0,0,0.0,0.0,Sales-Search-1
nyc business solutions,PAID_ONLY,,0,0,0.0,0.0,Sales-Search-1
ny entity formation,PAID_ONLY,,0,0,0.0,0.0,Sales-Search-1
what does pllc stand for,PAID_ONLY,,0,0,0.0,0.0,Sales-Search-1
new york process agent,PAID_ONLY,,0,0,0.0,0.0,Sales-Search-1
remote lcsw,PAID_ONLY,,0,0,0.0,0.0,Sales-Search-1
ny biennial filing online,PAID_ONLY,,0,0,0.0,0.0,Sales-Search-1
corporate document service albany ny,PAID_ONLY,,0,0,0.0,0.0,Sales-Search-1
new york social worker,PAID_ONLY,,0,0,0.0,0.0,Sales-Search-1
whats pllc,PAID_ONLY,,0,0,0.0,0.0,Sales-Search-1
free legal aid for small business,PAID_ONLY,,0,0,0.0,0.0,Sales-Search-1
nys lcsw,PAID_ONLY,,0,0,0.0,0.0,Sales-Search-1
new york llc renewal,PAID_ONLY,,0,0,0.0,0.0,Sales-Search-1
nyu silver school of social work,PAID_ONLY,,0,0,0.0,0.0,Sales-Search-1
nyfpl,PAID_ONLY,,0,0,0.0,0.0,Sales-Search-1
business lawyer rochester ny,PAID_ONLY,,0,0,0.0,0.0,Sales-Search-1
morrison and foerster new york,PAID_ONLY,,0,0,0.0,0.0,Sales-Search-1
jorofy,PAID_ONLY,,0,0,0.0,0.0,Sales-Search-1
lcsw assessment jobs remote,PAID_ONLY,,0,0,0.0,0.0,Sales-Search-1
new york department of licensing,PAID_ONLY,,0,0,0.0,0.0,Sales-Search-1
dba ny,PAID_ONLY,,0,0,0.0,0.0,Sales-Search-1
starting a non profit in nyc,PAID_ONLY,,0,0,0.0,0.0,Sales-Search-1
nyc llc,PAID_ONLY,,0,0,0.0,0.0,Sales-Search-1
northwest registered agent new york,PAID_ONLY,,0,0,0.0,0.0,Sales-Search-1
lcsw bootcamp,PAID_ONLY,,0,0,0.0,0.0,Sales-Search-1
business license long island ny,PAID_ONLY,,0,0,0.0,0.0,Sales-Search-1
get business license new york,PAID_ONLY,,0,0,0.0,0.0,Sales-Search-1
pllc formation attorney,PAID_ONLY,,0,0,0.0,0.0,Sales-Search-1
lcsw salary nyc,PAID_ONLY,,0,0,0.0,0.0,Sales-Search-1
new york law,PAID_ONLY,,0,0,0.0,0.0,Sales-Search-1
usacorpinc,PAID_ONLY,,0,0,0.0,0.0,Sales-Search-1
nyc business license,PAID_ONLY,,0,0,0.0,0.0,Sales-Search-1
corporation in new york,PAID_ONLY,,0,0,0.0,0.0,Sales-Search-1
nys foreign entity registration,PAID_ONLY,,0,0,0.0,0.0,Sales-Search-1
mys llc,PAID_ONLY,,0,0,0.0,0.0,Sales-Search-1
llc v pllc,PAID_ONLY,,0,0,0.0,0.0,Sales-Search-1
corpnet,PAID_ONLY,,0,0,0.0,0.0,Sales-Search-1
nybcl,PAID_ONLY,,0,0,0.0,0.0,Sales-Search-1
how to become a licensed therapist in ny,PAID_ONLY,,0,0,0.0,0.0,Sales-Search-1
business incorporation attorney,PAID_ONLY,,0,0,0.0,0.0,Sales-Search-1
does legalzoom do pllc,PAID_ONLY,,0,0,0.0,0.0,Sales-Search-1
benefits of pllc,PAID_ONLY,,0,0,0.0,0.0,Sales-Search-1
lcsw jobs,PAID_ONLY,,0,0,0.0,0.0,Sales-Search-1
nylta,PAID_ONLY,,0,0,0.0,0.0,Sales-Search-1
lcsw job,PAID_ONLY,,0,0,0.0,0.0,Sales-Search-1
married llc,PAID_ONLY,,0,0,0.0,0.0,Sales-Search-1
llc publication service,PAID_ONLY,,0,0,0.0,0.0,Sales-Search-1
difference between professional llc and llc,PAID_ONLY,,0,0,0.0,0.0,Sales-Search-1
new york llc publishing coupon code,PAID_ONLY,,0,0,0.0,0.0,Sales-Search-1
business structure attorney,PAID_ONLY,,0,0,0.0,0.0,Sales-Search-1
llp,PAID_ONLY,,0,0,0.0,0.0,Sales-Search-1
nys lcsw requirements,PAID_ONLY,,0,0,0.0,0.0,Sales-Search-1
publication requirement llc new york,PAID_ONLY,,0,0,0.0,0.0,Sales-Search-1
lcsw jobs new york city,PAID_ONLY,,0,0,0.0,0.0,Sales-Search-1
lcsw study groups,PAID_ONLY,,0,0,0.0,0.0,Sales-Search-1
new york state business,PAID_ONLY,,0,0,0.0,0.0,Sales-Search-1
usacorpinc com,PAID_ONLY,,0,0,0.0,0.0,Sales-Search-1
ny state company registration,PAID_ONLY,,0,0,0.0,0.0,Sales-Search-1
pc vs llc vs pllc,PAID_ONLY,,0,0,0.0,0.0,Sales-Search-1
setting up llc in nyc,PAID_ONLY,,0,0,0.0,0.0,Sales-Search-1
nyllcta,PAID_ONLY,,0,0,0.0,0.0,Sales-Search-1
start up new york program,PAID_ONLY,,0,0,0.0,0.0,Sales-Search-1
what is a plcc,PAID_ONLY,,0,0,0.0,0.0,Sales-Search-1
how to become lcsw in ny,PAID_ONLY,,0,0,0.0,0.0,Sales-Search-1
menicucci villa panzella calcagno pllc,PAID_ONLY,,0,0,0.0,0.0,Sales-Search-1
nys legal,PAID_ONLY,,0,0,0.0,0.0,Sales-Search-1
pllc doctor,PAID_ONLY,,0,0,0.0,0.0,Sales-Search-1
cohn legal pllc,PAID_ONLY,,0,0,0.0,0.0,Sales-Search-1
ny lcsw application,PAID_ONLY,,0,0,0.0,0.0,Sales-Search-1
suffolk county business license application,PAID_ONLY,,0,0,0.0,0.0,Sales-Search-1
davis polk new york,PAID_ONLY,,0,0,0.0,0.0,Sales-Search-1
lcsw nys application,PAID_ONLY,,0,0,0.0,0.0,Sales-Search-1
new york business registration,PAID_ONLY,,0,0,0.0,0.0,Sales-Search-1
nysscsw,PAID_ONLY,,0,0,0.0,0.0,Sales-Search-1
llc publication service ny,PAID_ONLY,,0,0,0.0,0.0,Sales-Search-1
business license new york state,PAID_ONLY,,0,0,0.0,0.0,Sales-Search-1
new jersey pllc,PAID_ONLY,,0,0,0.0,0.0,Sales-Search-1
startup lawyer,PAID_ONLY,,0,0,0.0,0.0,Sales-Search-1
new york school of social work,PAID_ONLY,,0,0,0.0,0.0,Sales-Search-1
authorization to do business in new york,PAID_ONLY,,0,0,0.0,0.0,Sales-Search-1
raul garcia uft,PAID_ONLY,,0,0,0.0,0.0,Sales-Search-1
pllc license,PAID_ONLY,,0,0,0.0,0.0,Sales-Search-1
llc law,PAID_ONLY,,0,0,0.0,0.0,Sales-Search-1
new york pllc law,PAID_ONLY,,0,0,0.0,0.0,Sales-Search-1
ny social work,PAID_ONLY,,0,0,0.0,0.0,Sales-Search-1
metro corporate services llc,PAID_ONLY,,0,0,0.0,0.0,Sales-Search-1
llc to pllc,PAID_ONLY,,0,0,0.0,0.0,Sales-Search-1
new york business attorney,PAID_ONLY,,0,0,0.0,0.0,Sales-Search-1
fast filing services,PAID_ONLY,,0,0,0.0,0.0,Sales-Search-1
nys lcsw continuing education requirements,PAID_ONLY,,0,0,0.0,0.0,Sales-Search-1
free business lawyer,PAID_ONLY,,0,0,0.0,0.0,Sales-Search-1
ny corporation dissolution,PAID_ONLY,,0,0,0.0,0.0,Sales-Search-1
doing business in new york an introduction to qualification,PAID_ONLY,,0,0,0.0,0.0,Sales-Search-1
pllc tax,PAID_ONLY,,0,0,0.0,0.0,Sales-Search-1
legalzoom com business,PAID_ONLY,,0,0,0.0,0.0,Sales-Search-1
nys biennial statement online filing,PAID_ONLY,,0,0,0.0,0.0,Sales-Search-1
nys dpc,PAID_ONLY,,0,0,0.0,0.0,Sales-Search-1
nys articles of organization,PAID_ONLY,,0,0,0.0,0.0,Sales-Search-1
llc publishing service,PAID_ONLY,,0,0,0.0,0.0,Sales-Search-1
ny businesses,PAID_ONLY,,0,0,0.0,0.0,Sales-Search-1
ny lcsw ceu requirements,PAID_ONLY,,0,0,0.0,0.0,Sales-Search-1
difference between a pllc and an llc,PAID_ONLY,,0,0,0.0,0.0,Sales-Search-1
ny llp law,PAID_ONLY,,0,0,0.0,0.0,Sales-Search-1
registering to do business in new york,PAID_ONLY,,0,0,0.0,0.0,Sales-Search-1
design professional service corporation,PAID_ONLY,,0,0,0.0,0.0,Sales-Search-1
pllc vs plc,PAID_ONLY,,0,0,0.0,0.0,Sales-Search-1
attorney pllc,PAID_ONLY,,0,0,0.0,0.0,Sales-Search-1
llc in new york,PAID_ONLY,,0,0,0.0,0.0,Sales-Search-1
convert llc to pllc,PAID_ONLY,,0,0,0.0,0.0,Sales-Search-1
lmhc d new york,PAID_ONLY,,0,0,0.0,0.0,Sales-Search-1
ny gov business express,PAID_ONLY,,0,0,0.0,0.0,Sales-Search-1
new york state counseling licensure requirements,PAID_ONLY,,0,0,0.0,0.0,Sales-Search-1
new york llc publishing reviews,PAID_ONLY,,0,0,0.0,0.0,Sales-Search-1
ny publication requirement llc,PAID_ONLY,,0,0,0.0,0.0,Sales-Search-1
publishing llc ny,PAID_ONLY,,0,0,0.0,0.0,Sales-Search-1
license to do business in new york,PAID_ONLY,,0,0,0.0,0.0,Sales-Search-1
legalzoom registered agent service,PAID_ONLY,,0,0,0.0,0.0,Sales-Search-1
written up llc,PAID_ONLY,,0,0,0.0,0.0,Sales-Search-1
nyc publication requirement llc,PAID_ONLY,,0,0,0.0,0.0,Sales-Search-1
supervision lcsw,PAID_ONLY,,0,0,0.0,0.0,Sales-Search-1
pllc partnership,PAID_ONLY,,0,0,0.0,0.0,Sales-Search-1
us company registration from pakistan,PAID_ONLY,,0,0,0.0,0.0,Sales-Search-1
legalzoomcom,PAID_ONLY,,0,0,0.0,0.0,Sales-Search-1
publication for llc,PAID_ONLY,,0,0,0.0,0.0,Sales-Search-1
inklusive therapy pllc,PAID_ONLY,,0,0,0.0,0.0,Sales-Search-1
lcsw supervision,PAID_ONLY,,0,0,0.0,0.0,Sales-Search-1
ny business formation,PAID_ONLY,,0,0,0.0,0.0,Sales-Search-1
commercial law new york,PAID_ONLY,,0,0,0.0,0.0,Sales-Search-1
new york peddlers license,PAID_ONLY,,0,0,0.0,0.0,Sales-Search-1
register non profit organization in new york,PAID_ONLY,,0,0,0.0,0.0,Sales-Search-1
thellc,PAID_ONLY,,0,0,0.0,0.0,Sales-Search-1
section 206 of the new york state limited liability company law,PAID_ONLY,,0,0,0.0,0.0,Sales-Search-1
3h agent services inc,PAID_ONLY,,0,0,0.0,0.0,Sales-Search-1
professional llcs,PAID_ONLY,,0,0,0.0,0.0,Sales-Search-1
how to apply for a limited liability company,PAID_ONLY,,0,0,0.0,0.0,Sales-Search-1
legal zoom com,PAID_ONLY,,0,0,0.0,0.0,Sales-Search-1
doing business in nyc,PAID_ONLY,,0,0,0.0,0.0,Sales-Search-1
zoom law,PAID_ONLY,,0,0,0.0,0.0,Sales-Search-1
how to set up an s corp in ny,PAID_ONLY,,0,0,0.0,0.0,Sales-Search-1
how to file certificate of publication in new york,PAID_ONLY,,0,0,0.0,0.0,Sales-Search-1
ny annual report filing online,PAID_ONLY,,0,0,0.0,0.0,Sales-Search-1
pllc dba,PAID_ONLY,,0,0,0.0,0.0,Sales-Search-1
james hsui pllc,PAID_ONLY,,0,0,0.0,0.0,Sales-Search-1
publish my llc new york,PAID_ONLY,,0,0,0.0,0.0,Sales-Search-1
professional limited,PAID_ONLY,,0,0,0.0,0.0,Sales-Search-1
remote lmsw jobs new york,PAID_ONLY,,0,0,0.0,0.0,Sales-Search-1
how to get lcsw in ny,PAID_ONLY,,0,0,0.0,0.0,Sales-Search-1
appearance enhancement business license new york,PAID_ONLY,,0,0,0.0,0.0,Sales-Search-1
lmsw jobs nyc,PAID_ONLY,,0,0,0.0,0.0,Sales-Search-1
usacorp promo code,PAID_ONLY,,0,0,0.0,0.0,Sales-Search-1
llc or pllc,PAID_ONLY,,0,0,0.0,0.0,Sales-Search-1
articles of incorporation new york,PAID_ONLY,,0,0,0.0,0.0,Sales-Search-1
llc publication new york,PAID_ONLY,,0,0,0.0,0.0,Sales-Search-1
bizee llc,PAID_ONLY,,0,0,0.0,0.0,Sales-Search-1
llc publication requirement ny,PAID_ONLY,,0,0,0.0,0.0,Sales-Search-1
check llc name availability new york,PAID_ONLY,,0,0,0.0,0.0,Sales-Search-1
ny llc filing fee,PAID_ONLY,,0,0,0.0,0.0,Sales-Search-1
pllc massachusetts,PAID_ONLY,,0,0,0.0,0.0,Sales-Search-1
new york certificate of publication limited liability company,PAID_ONLY,,0,0,0.0,0.0,Sales-Search-1
benefits of a pllc,PAID_ONLY,,0,0,0.0,0.0,Sales-Search-1
nylta com,PAID_ONLY,,0,0,0.0,0.0,Sales-Search-1
ny llc formation publication requirement,PAID_ONLY,,0,0,0.0,0.0,Sales-Search-1
lcsw jobs nyc,PAID_ONLY,,0,0,0.0,0.0,Sales-Search-1
sociedad de responsabilidad limitada,PAID_ONLY,,0,0,0.0,0.0,Sales-Search-1
small business attorney rochester ny,PAID_ONLY,,0,0,0.0,0.0,Sales-Search-1
business license in new york city,PAID_ONLY,,0,0,0.0,0.0,Sales-Search-1
nyc4c,PAID_ONLY,,0,0,0.0,0.0,Sales-Search-1
new york incorporation,PAID_ONLY,,0,0,0.0,0.0,Sales-Search-1
pc vs pllc ny,PAID_ONLY,,0,0,0.0,0.0,Sales-Search-1
lcsw r nys,PAID_ONLY,,0,0,0.0,0.0,Sales-Search-1
new york llc,PAID_ONLY,,0,0,0.0,0.0,Sales-Search-1
new york s corporation,PAID_ONLY,,0,0,0.0,0.0,Sales-Search-1
nys biennial statement filing,PAID_ONLY,,0,0,0.0,0.0,Sales-Search-1
atsumi & sakai new york llp,PAID_ONLY,,0,0,0.0,0.0,Sales-Search-1
business attorney rochester ny,PAID_ONLY,,0,0,0.0,0.0,Sales-Search-1
who is the organizer of an llc,PAID_ONLY,,0,0,0.0,0.0,Sales-Search-1
new york annual report filing,PAID_ONLY,,0,0,0.0,0.0,Sales-Search-1
lcsw therapist,PAID_ONLY,,0,0,0.0,0.0,Sales-Search-1
defentux,PAID_ONLY,,0,0,0.0,0.0,Sales-Search-1
nys llc lookup,PAID_ONLY,,0,0,0.0,0.0,Sales-Search-1
professional limited liability company new york,PAID_ONLY,,0,0,0.0,0.0,Sales-Search-1
lmsw,PAID_ONLY,,0,0,0.0,0.0,Sales-Search-1
what constitutes doing business in new york,PAID_ONLY,,0,0,0.0,0.0,Sales-Search-1
new york entity search,PAID_ONLY,,0,0,0.0,0.0,Sales-Search-1
small business lawyer nyc,PAID_ONLY,,0,0,0.0,0.0,Sales-Search-1
zenbusiness reviews complaints,PAID_ONLY,,0,0,0.0,0.0,Sales-Search-1
nys business license,PAID_ONLY,,0,0,0.0,0.0,Sales-Search-1
biennial statement nyc,PAID_ONLY,,0,0,0.0,0.0,Sales-Search-1
certificate of publication llc new york,PAID_ONLY,,0,0,0.0,0.0,Sales-Search-1
covington & burling llp new york,PAID_ONLY,,0,0,0.0,0.0,Sales-Search-1
nysgllc,PAID_ONLY,,0,0,0.0,0.0,Sales-Search-1
publication for llc in new york,PAID_ONLY,,0,0,0.0,0.0,Sales-Search-1
social worker nyc,PAID_ONLY,,0,0,0.0,0.0,Sales-Search-1
company in ny,PAID_ONLY,,0,0,0.0,0.0,Sales-Search-1
new york corporate,PAID_ONLY,,0,0,0.0,0.0,Sales-Search-1
how to get a business license in nyc,PAID_ONLY,,0,0,0.0,0.0,Sales-Search-1
llp new york,PAID_ONLY,,0,0,0.0,0.0,Sales-Search-1
nyc small business services,PAID_ONLY,,0,0,0.0,0.0,Sales-Search-1
firstbase new york,PAID_ONLY,,0,0,0.0,0.0,Sales-Search-1
new york business filing,PAID_ONLY,,0,0,0.0,0.0,Sales-Search-1
llc publication ny,PAID_ONLY,,0,0,0.0,0.0,Sales-Search-1
attorney corp services,PAID_ONLY,,0,0,0.0,0.0,Sales-Search-1
lcsw supervision ny,PAID_ONLY,,0,0,0.0,0.0,Sales-Search-1
foreign entity registration ny,PAID_ONLY,,0,0,0.0,0.0,Sales-Search-1
ny llc name check,PAID_ONLY,,0,0,0.0,0.0,Sales-Search-1
pllc que significa,PAID_ONLY,,0,0,0.0,0.0,Sales-Search-1
free social work ceus new york,PAID_ONLY,,0,0,0.0,0.0,Sales-Search-1
ny business services,PAID_ONLY,,0,0,0.0,0.0,Sales-Search-1
publish llc new york,PAID_ONLY,,0,0,0.0,0.0,Sales-Search-1
law for small business,PAID_ONLY,,0,0,0.0,0.0,Sales-Search-1
lpllc,PAID_ONLY,,0,0,0.0,0.0,Sales-Search-1
ny llc publishing requirement,PAID_ONLY,,0,0,0.0,0.0,Sales-Search-1
como abrir una compañía de construcción en new york,PAID_ONLY,,0,0,0.0,0.0,Sales-Search-1
nys llc publication,PAID_ONLY,,0,0,0.0,0.0,Sales-Search-1
the llc,PAID_ONLY,,0,0,0.0,0.0,Sales-Search-1
register company in new york,PAID_ONLY,,0,0,0.0,0.0,Sales-Search-1
comprehensive counseling lcsw,PAID_ONLY,,0,0,0.0,0.0,Sales-Search-1
legal zoom cost,PAID_ONLY,,0,0,0.0,0.0,Sales-Search-1
dos 1336 form ny,PAID_ONLY,,0,0,0.0,0.0,Sales-Search-1
apply for business license nyc,PAID_ONLY,,0,0,0.0,0.0,Sales-Search-1
ny sos,PAID_ONLY,,0,0,0.0,0.0,Sales-Search-1
how many supervision hours for lcsw ny,PAID_ONLY,,0,0,0.0,0.0,Sales-Search-1
11 broadway suite 615 new york ny 10004,PAID_ONLY,,0,0,0.0,0.0,Sales-Search-1
new york state small business license,PAID_ONLY,,0,0,0.0,0.0,Sales-Search-1
ny llc biennial filing,PAID_ONLY,,0,0,0.0,0.0,Sales-Search-1
limited liability company law,PAID_ONLY,,0,0,0.0,0.0,Sales-Search-1
pllc formation cost,PAID_ONLY,,0,0,0.0,0.0,Sales-Search-1
certificate of authority,PAID_ONLY,,0,0,0.0,0.0,Sales-Search-1
social worker bronx ny,PAID_ONLY,,0,0,0.0,0.0,Sales-Search-1
new york division of licensing services,PAID_ONLY,,0,0,0.0,0.0,Sales-Search-1
nymhca,PAID_ONLY,,0,0,0.0,0.0,Sales-Search-1
llc publishing brooklyn,PAID_ONLY,,0,0,0.0,0.0,Sales-Search-1
publish llc in new york,PAID_ONLY,,0,0,0.0,0.0,Sales-Search-1
social work in new york,PAID_ONLY,,0,0,0.0,0.0,Sales-Search-1
nys llc formation,PAID_ONLY,,0,0,0.0,0.0,Sales-Search-1
new york corporation dissolution,PAID_ONLY,,0,0,0.0,0.0,Sales-Search-1
new york law firm,PAID_ONLY,,0,0,0.0,0.0,Sales-Search-1
business formation lawyer near me,PAID_ONLY,,0,0,0.0,0.0,Sales-Search-1
incitnow com,PAID_ONLY,,0,0,0.0,0.0,Sales-Search-1
lcsw study guide,PAID_ONLY,,0,0,0.0,0.0,Sales-Search-1
mental health programs in new york,PAID_ONLY,,0,0,0.0,0.0,Sales-Search-1
llc biennial statement new york,PAID_ONLY,,0,0,0.0,0.0,Sales-Search-1
what is pllc stand for,PAID_ONLY,,0,0,0.0,0.0,Sales-Search-1
northwest registered agent pllc,PAID_ONLY,,0,0,0.0,0.0,Sales-Search-1
foreign corporation doing business in ny,PAID_ONLY,,0,0,0.0,0.0,Sales-Search-1
latham law firm new york,PAID_ONLY,,0,0,0.0,0.0,Sales-Search-1
pllc tax treatment,PAID_ONLY,,0,0,0.0,0.0,Sales-Search-1
legalzoom com inc,PAID_ONLY,,0,0,0.0,0.0,Sales-Search-1
new york business express certificate of authority,PAID_ONLY,,0,0,0.0,0.0,Sales-Search-1
is a pllc a sole proprietorship,PAID_ONLY,,0,0,0.0,0.0,Sales-Search-1
benefits of pllc vs llc,PAID_ONLY,,0,0,0.0,0.0,Sales-Search-1
publish my llc reviews,PAID_ONLY,,0,0,0.0,0.0,Sales-Search-1
lcsw hours requirements ny,PAID_ONLY,,0,0,0.0,0.0,Sales-Search-1
can a pllc be an s corp,PAID_ONLY,,0,0,0.0,0.0,Sales-Search-1
legal zoom formation,PAID_ONLY,,0,0,0.0,0.0,Sales-Search-1
cogency global albany ny,PAID_ONLY,,0,0,0.0,0.0,Sales-Search-1
blumberg llc formation,PAID_ONLY,,0,0,0.0,0.0,Sales-Search-1
whats a pllc,PAID_ONLY,,0,0,0.0,0.0,Sales-Search-1
lcsw in new york,PAID_ONLY,,0,0,0.0,0.0,Sales-Search-1
amerilawyer reviews,PAID_ONLY,,0,0,0.0,0.0,Sales-Search-1
pllc stand for,PAID_ONLY,,0,0,0.0,0.0,Sales-Search-1
starting a dba in ny,PAID_ONLY,,0,0,0.0,0.0,Sales-Search-1
e bbb,PAID_ONLY,,0,0,0.0,0.0,Sales-Search-1
certificate to do business in new york,PAID_ONLY,,0,0,0.0,0.0,Sales-Search-1
corporations llcs,PAID_ONLY,,0,0,0.0,0.0,Sales-Search-1
free business lawyer advice,PAID_ONLY,,0,0,0.0,0.0,Sales-Search-1
nyc llc publication,PAID_ONLY,,0,0,0.0,0.0,Sales-Search-1
top corporate law firms in new york city,PAID_ONLY,,0,0,0.0,0.0,Sales-Search-1
change registered agent new york,PAID_ONLY,,0,0,0.0,0.0,Sales-Search-1
lcsw prep course near me,PAID_ONLY,,0,0,0.0,0.0,Sales-Search-1
ny business law,PAID_ONLY,,0,0,0.0,0.0,Sales-Search-1
ny lpc,PAID_ONLY,,0,0,0.0,0.0,Sales-Search-1
clinical social work,PAID_ONLY,,0,0,0.0,0.0,Sales-Search-1
ny file biennial statement,PAID_ONLY,,0,0,0.0,0.0,Sales-Search-1
westchester county llc publication,PAID_ONLY,,0,0,0.0,0.0,Sales-Search-1
corp kit,PAID_ONLY,,0,0,0.0,0.0,Sales-Search-1
llc university,PAID_ONLY,,0,0,0.0,0.0,Sales-Search-1
ny business license,PAID_ONLY,,0,0,0.0,0.0,Sales-Search-1
register llc in new york,PAID_ONLY,,0,0,0.0,0.0,Sales-Search-1
ny llc publication,PAID_ONLY,,0,0,0.0,0.0,Sales-Search-1
new york state foreign corporation registration,PAID_ONLY,,0,0,0.0,0.0,Sales-Search-1
dpc new york,PAID_ONLY,,0,0,0.0,0.0,Sales-Search-1
pennsylvania pllc,PAID_ONLY,,0,0,0.0,0.0,Sales-Search-1
how to get a business license in ny,PAID_ONLY,,0,0,0.0,0.0,Sales-Search-1
agents of change lcsw,PAID_ONLY,,0,0,0.0,0.0,Sales-Search-1
nys office of professions license,PAID_ONLY,,0,0,0.0,0.0,Sales-Search-1
dore sheppard,PAID_ONLY,,0,0,0.0,0.0,Sales-Search-1
ny lcc,PAID_ONLY,,0,0,0.0,0.0,Sales-Search-1
pllp vs pllc,PAID_ONLY,,0,0,0.0,0.0,Sales-Search-1
hubco incorporation services,PAID_ONLY,,0,0,0.0,0.0,Sales-Search-1
new york llc filing,PAID_ONLY,,0,0,0.0,0.0,Sales-Search-1
social work limited permit ny,PAID_ONLY,,0,0,0.0,0.0,Sales-Search-1
llc expert,PAID_ONLY,,0,0,0.0,0.0,Sales-Search-1
new york corporation,PAID_ONLY,,0,0,0.0,0.0,Sales-Search-1
ny business registration online,PAID_ONLY,,0,0,0.0,0.0,Sales-Search-1
ny state articles of organization,PAID_ONLY,,0,0,0.0,0.0,Sales-Search-1
mss pllc,PAID_ONLY,,0,0,0.0,0.0,Sales-Search-1
form pls709,PAID_ONLY,,0,0,0.0,0.0,Sales-Search-1
new york state llc name search,PAID_ONLY,,0,0,0.0,0.0,Sales-Search-1
lcc new york,PAID_ONLY,,0,0,0.0,0.0,Sales-Search-1
business attorney near me,PAID_ONLY,,0,0,0.0,0.0,Sales-Search-1
does lcsw transfer state to state,PAID_ONLY,,0,0,0.0,0.0,Sales-Search-1
notice of formation,PAID_ONLY,,0,0,0.0,0.0,Sales-Search-1
llcl,PAID_ONLY,,0,0,0.0,0.0,Sales-Search-1
hubco huntington,PAID_ONLY,,0,0,0.0,0.0,Sales-Search-1
davis polk & wardwell llp new york,PAID_ONLY,,0,0,0.0,0.0,Sales-Search-1
nyagent,PAID_ONLY,,0,0,0.0,0.0,Sales-Search-1
publishing llc new york,PAID_ONLY,,0,0,0.0,0.0,Sales-Search-1
best states to form an llc,PAID_ONLY,,0,0,0.0,0.0,Sales-Search-1
corporate book for llc,PAID_ONLY,,0,0,0.0,0.0,Sales-Search-1
new york company register,PAID_ONLY,,0,0,0.0,0.0,Sales-Search-1
dba new york,PAID_ONLY,,0,0,0.0,0.0,Sales-Search-1
nylta law,PAID_ONLY,,0,0,0.0,0.0,Sales-Search-1
new york lpc,PAID_ONLY,,0,0,0.0,0.0,Sales-Search-1
ny dos entity search,PAID_ONLY,,0,0,0.0,0.0,Sales-Search-1
prime llc formation,PAID_ONLY,,0,0,0.0,0.0,Sales-Search-1
llc publishing new york,PAID_ONLY,,0,0,0.0,0.0,Sales-Search-1
business lawyer albany ny,PAID_ONLY,,0,0,0.0,0.0,Sales-Search-1
change llc to pllc,PAID_ONLY,,0,0,0.0,0.0,Sales-Search-1
legal zoom,PAID_ONLY,,0,0,0.0,0.0,Sales-Search-1
lmsw requirements ny,PAID_ONLY,,0,0,0.0,0.0,Sales-Search-1
ny foreign corporation registration,PAID_ONLY,,0,0,0.0,0.0,Sales-Search-1
the room for therapy lcsw pllc,PAID_ONLY,,0,0,0.0,0.0,Sales-Search-1
articles of organization new york,PAID_ONLY,,0,0,0.0,0.0,Sales-Search-1
nasw new york,PAID_ONLY,,0,0,0.0,0.0,Sales-Search-1
registered to do business in new york,PAID_ONLY,,0,0,0.0,0.0,Sales-Search-1
my llc com,PAID_ONLY,,0,0,0.0,0.0,Sales-Search-1
new york llc formation online,PAID_ONLY,,0,0,0.0,0.0,Sales-Search-1
new york llc cost,PAID_ONLY,,0,0,0.0,0.0,Sales-Search-1
ny registered agent service,PAID_ONLY,,0,0,0.0,0.0,Sales-Search-1
llc formation in new york,PAID_ONLY,,0,0,0.0,0.0,Sales-Search-1
nys foreign corporation registration,PAID_ONLY,,0,0,0.0,0.0,Sales-Search-1
bakerhostetler new york,PAID_ONLY,,0,0,0.0,0.0,Sales-Search-1
incorporation nyc,PAID_ONLY,,0,0,0.0,0.0,Sales-Search-1
new york state filing fee for llc,PAID_ONLY,,0,0,0.0,0.0,Sales-Search-1
business attorney,PAID_ONLY,,0,0,0.0,0.0,Sales-Search-1
social workers new york city,PAID_ONLY,,0,0,0.0,0.0,Sales-Search-1
authority to do business in ny,PAID_ONLY,,0,0,0.0,0.0,Sales-Search-1
llc publishing ny,PAID_ONLY,,0,0,0.0,0.0,Sales-Search-1
llc publication requirement new york,PAID_ONLY,,0,0,0.0,0.0,Sales-Search-1
llc publication requirement,PAID_ONLY,,0,0,0.0,0.0,Sales-Search-1
neuhauser law pllc,PAID_ONLY,,0,0,0.0,0.0,Sales-Search-1
united states corporation agents inc brooklyn ny,PAID_ONLY,,0,0,0.0,0.0,Sales-Search-1
how to become a lcsw in ny,PAID_ONLY,,0,0,0.0,0.0,Sales-Search-1
northwest registered agent reviews,PAID_ONLY,,0,0,0.0,0.0,Sales-Search-1
shelf corp with credit lines attached,PAID_ONLY,,0,0,0.0,0.0,Sales-Search-1
nyc publication requirement,PAID_ONLY,,0,0,0.0,0.0,Sales-Search-1
new york llc law,PAID_ONLY,,0,0,0.0,0.0,Sales-Search-1
lcsw prep course ny,PAID_ONLY,,0,0,0.0,0.0,Sales-Search-1
corporate document services albany ny,PAID_ONLY,,0,0,0.0,0.0,Sales-Search-1
littman pllc,PAID_ONLY,,0,0,0.0,0.0,Sales-Search-1
sullivan & cromwell llp new york,PAID_ONLY,,0,0,0.0,0.0,Sales-Search-1
new york city incorporation,PAID_ONLY,,0,0,0.0,0.0,Sales-Search-1
ny legal,PAID_ONLY,,0,0,0.0,0.0,Sales-Search-1
lcsw application,PAID_ONLY,,0,0,0.0,0.0,Sales-Search-1
how to start a nonprofit in new york,PAID_ONLY,,0,0,0.0,0.0,Sales-Search-1
new york domestic limited liability company,PAID_ONLY,,0,0,0.0,0.0,Sales-Search-1
publish llc in ny,PAID_ONLY,,0,0,0.0,0.0,Sales-Search-1
pllc virginia,PAID_ONLY,,0,0,0.0,0.0,Sales-Search-1
business nyc,PAID_ONLY,,0,0,0.0,0.0,Sales-Search-1
new york incorporated,PAID_ONLY,,0,0,0.0,0.0,Sales-Search-1
limited liability company,PAID_ONLY,,0,0,0.0,0.0,Sales-Search-1
nyc corporation,PAID_ONLY,,0,0,0.0,0.0,Sales-Search-1
new york social workers,PAID_ONLY,,0,0,0.0,0.0,Sales-Search-1
ny corporate law,PAID_ONLY,,0,0,0.0,0.0,Sales-Search-1
windsor publication,PAID_ONLY,,0,0,0.0,0.0,Sales-Search-1
lcsw r new york,PAID_ONLY,,0,0,0.0,0.0,Sales-Search-1
lcsw for therapy,PAID_ONLY,,0,0,0.0,0.0,Sales-Search-1
business registration certificate new york,PAID_ONLY,,0,0,0.0,0.0,Sales-Search-1
remote lmsw jobs ny,PAID_ONLY,,0,0,0.0,0.0,Sales-Search-1
how to become a lmhc,PAID_ONLY,,0,0,0.0,0.0,Sales-Search-1
wolofsky pllc,PAID_ONLY,,0,0,0.0,0.0,Sales-Search-1
new york board of social work,PAID_ONLY,,0,0,0.0,0.0,Sales-Search-1
how to start an insurance company in new york,PAID_ONLY,,0,0,0.0,0.0,Sales-Search-1
ny llc publication requirements,PAID_ONLY,,0,0,0.0,0.0,Sales-Search-1
new york llc biennial statement filing,PAID_ONLY,,0,0,0.0,0.0,Sales-Search-1
social worker ny,PAID_ONLY,,0,0,0.0,0.0,Sales-Search-1
publish llc,PAID_ONLY,,0,0,0.0,0.0,Sales-Search-1
https filings dos ny gov,PAID_ONLY,,0,0,0.0,0.0,Sales-Search-1
llc publication in nyc,PAID_ONLY,,0,0,0.0,0.0,Sales-Search-1
ny llc requirements,PAID_ONLY,,0,0,0.0,0.0,Sales-Search-1
ny social workers,PAID_ONLY,,0,0,0.0,0.0,Sales-Search-1
biennial report new york,PAID_ONLY,,0,0,0.0,0.0,Sales-Search-1
ny certificate of publication,PAID_ONLY,,0,0,0.0,0.0,Sales-Search-1
business lawyer,PAID_ONLY,,0,0,0.0,0.0,Sales-Search-1
llc incorporation services,PAID_ONLY,,0,0,0.0,0.0,Sales-Search-1
new york state limited liability company law,PAID_ONLY,,0,0,0.0,0.0,Sales-Search-1
ny professional corporation,PAID_ONLY,,0,0,0.0,0.0,Sales-Search-1
pa pllc,PAID_ONLY,,0,0,0.0,0.0,Sales-Search-1
smart counsel pllc ny,PAID_ONLY,,0,0,0.0,0.0,Sales-Search-1
ny corporation,PAID_ONLY,,0,0,0.0,0.0,Sales-Search-1
social workers new york,PAID_ONLY,,0,0,0.0,0.0,Sales-Search-1
harbor compliance,PAID_ONLY,,0,0,0.0,0.0,Sales-Search-1
www llfpayment com,PAID_ONLY,,0,0,0.0,0.0,Sales-Search-1
nys mental health counselor limited permit,PAID_ONLY,,0,0,0.0,0.0,Sales-Search-1
nys llc publication requirements,PAID_ONLY,,0,0,0.0,0.0,Sales-Search-1
do i need a pllc or llc,PAID_ONLY,,0,0,0.0,0.0,Sales-Search-1
llc requirements ny,PAID_ONLY,,0,0,0.0,0.0,Sales-Search-1
social worker new york city,PAID_ONLY,,0,0,0.0,0.0,Sales-Search-1
publish llc in newspaper ny,PAID_ONLY,,0,0,0.0,0.0,Sales-Search-1
proskauer rose nyc office,PAID_ONLY,,0,0,0.0,0.0,Sales-Search-1
nys llc publication requirement,PAID_ONLY,,0,0,0.0,0.0,Sales-Search-1
new york llc state fee,PAID_ONLY,,0,0,0.0,0.0,Sales-Search-1
ny biennial filing,PAID_ONLY,,0,0,0.0,0.0,Sales-Search-1
lcsw test prep nyc,PAID_ONLY,,0,0,0.0,0.0,Sales-Search-1
new york llc publication requirement cost,PAID_ONLY,,0,0,0.0,0.0,Sales-Search-1
lcsw exam,PAID_ONLY,,0,0,0.0,0.0,Sales-Search-1
lcsw vibes community,PAID_ONLY,,0,0,0.0,0.0,Sales-Search-1
fastfilings,PAID_ONLY,,0,0,0.0,0.0,Sales-Search-1
new york business license,PAID_ONLY,,0,0,0.0,0.0,Sales-Search-1
standard new york annual report compliance filing,PAID_ONLY,,0,0,0.0,0.0,Sales-Search-1
pllc mean,PAID_ONLY,,0,0,0.0,0.0,Sales-Search-1
starting a business in new york city,PAID_ONLY,,0,0,0.0,0.0,Sales-Search-1
latham new york office,PAID_ONLY,,0,0,0.0,0.0,Sales-Search-1
social workers nyc,PAID_ONLY,,0,0,0.0,0.0,Sales-Search-1
new york state office of professions,PAID_ONLY,,0,0,0.0,0.0,Sales-Search-1
new york legal,PAID_ONLY,,0,0,0.0,0.0,Sales-Search-1
new york incorporation center,PAID_ONLY,,0,0,0.0,0.0,Sales-Search-1
corporate creations,PAID_ONLY,,0,0,0.0,0.0,Sales-Search-1
v state filings,PAID_ONLY,,0,0,0.0,0.0,Sales-Search-1
how to get a business license in buffalo ny,PAID_ONLY,,0,0,0.0,0.0,Sales-Search-1
ny business,PAID_ONLY,,0,0,0.0,0.0,Sales-Search-1
kirkland & ellis llp new york,PAID_ONLY,,0,0,0.0,0.0,Sales-Search-1
pllc application new york,PAID_ONLY,,0,0,0.0,0.0,Sales-Search-1
asset protection llc,PAID_ONLY,,0,0,0.0,0.0,Sales-Search-1
buy aged llc,PAID_ONLY,,0,0,0.0,0.0,Sales-Search-1
gibson dunn & crutcher llp new york,PAID_ONLY,,0,0,0.0,0.0,Sales-Search-1
ny company registry,PAID_ONLY,,0,0,0.0,0.0,Sales-Search-1
pllc sole proprietor,PAID_ONLY,,0,0,0.0,0.0,Sales-Search-1
social work new york,PAID_ONLY,,0,0,0.0,0.0,Sales-Search-1
new york secretary of state llc,PAID_ONLY,,0,0,0.0,0.0,Sales-Search-1
the walker firm pllc,PAID_ONLY,,0,0,0.0,0.0,Sales-Search-1
business lawyer buffalo ny,PAID_ONLY,,0,0,0.0,0.0,Sales-Search-1
new york state business law,PAID_ONLY,,0,0,0.0,0.0,Sales-Search-1
business attorney syracuse ny,PAID_ONLY,,0,0,0.0,0.0,Sales-Search-1
ny pllc articles of organization,PAID_ONLY,,0,0,0.0,0.0,Sales-Search-1
llc in ny cost,PAID_ONLY,,0,0,0.0,0.0,Sales-Search-1
what is lcsw in counseling,PAID_ONLY,,0,0,0.0,0.0,Sales-Search-1
baker mckenzie new york,PAID_ONLY,,0,0,0.0,0.0,Sales-Search-1
social workers in new york ny,PAID_ONLY,,0,0,0.0,0.0,Sales-Search-1
ny express business,PAID_ONLY,,0,0,0.0,0.0,Sales-Search-1
publishmyllc,PAID_ONLY,,0,0,0.0,0.0,Sales-Search-1
what is pllc,PAID_ONLY,,0,0,0.0,0.0,Sales-Search-1
llc publishers,PAID_ONLY,,0,0,0.0,0.0,Sales-Search-1
new york nonprofit filing requirements,PAID_ONLY,,0,0,0.0,0.0,Sales-Search-1
business attorney ny,PAID_ONLY,,0,0,0.0,0.0,Sales-Search-1
new york foreign corporation registration,PAID_ONLY,,0,0,0.0,0.0,Sales-Search-1
legalzoom business attorney plan,PAID_ONLY,,0,0,0.0,0.0,Sales-Search-1
ny publication,PAID_ONLY,,0,0,0.0,0.0,Sales-Search-1
authority to do business in new york,PAID_ONLY,,0,0,0.0,0.0,Sales-Search-1
legalfilings com,PAID_ONLY,,0,0,0.0,0.0,Sales-Search-1
new york llc filing fee,PAID_ONLY,,0,0,0.0,0.0,Sales-Search-1
debevoise & plimpton new york,PAID_ONLY,,0,0,0.0,0.0,Sales-Search-1
pllc v llc,PAID_ONLY,,0,0,0.0,0.0,Sales-Search-1
llc professional service,PAID_ONLY,,0,0,0.0,0.0,Sales-Search-1
division of incorporation ny,PAID_ONLY,,0,0,0.0,0.0,Sales-Search-1
llc publishing,PAID_ONLY,,0,0,0.0,0.0,Sales-Search-1
ny llc law,PAID_ONLY,,0,0,0.0,0.0,Sales-Search-1
usacorp,PAID_ONLY,,0,0,0.0,0.0,Sales-Search-1
massachusetts pllc requirements,PAID_ONLY,,0,0,0.0,0.0,Sales-Search-1
small business attorney nyc,PAID_ONLY,,0,0,0.0,0.0,Sales-Search-1
usa corp,PAID_ONLY,,0,0,0.0,0.0,Sales-Search-1
ny express,PAID_ONLY,,0,0,0.0,0.0,Sales-Search-1
professional corporation vs pllc,PAID_ONLY,,0,0,0.0,0.0,Sales-Search-1
social worker,PAID_ONLY,,0,0,0.0,0.0,Sales-Search-1
llcattorney,PAID_ONLY,,0,0,0.0,0.0,Sales-Search-1
bullard law group pllc,PAID_ONLY,,0,0,0.0,0.0,Sales-Search-1
new york business,PAID_ONLY,,0,0,0.0,0.0,Sales-Search-1
nys business licenses,PAID_ONLY,,0,0,0.0,0.0,Sales-Search-1
llc pllc,PAID_ONLY,,0,0,0.0,0.0,Sales-Search-1
lcsw bootcamp nyc,PAID_ONLY,,0,0,0.0,0.0,Sales-Search-1
pllc tax filing,PAID_ONLY,,0,0,0.0,0.0,Sales-Search-1
lcswvibes,PAID_ONLY,,0,0,0.0,0.0,Sales-Search-1
nys pllc articles of organization,PAID_ONLY,,0,0,0.0,0.0,Sales-Search-1
articles of organization ny,PAID_ONLY,,0,0,0.0,0.0,Sales-Search-1
what's pllc,PAID_ONLY,,0,0,0.0,0.0,Sales-Search-1
application for authority new york,PAID_ONLY,,0,0,0.0,0.0,Sales-Search-1
windsor publishing,PAID_ONLY,,0,0,0.0,0.0,Sales-Search-1
pllc tax classification,PAID_ONLY,,0,0,0.0,0.0,Sales-Search-1
falcon rappaport & berkman pllc,PAID_ONLY,,0,0,0.0,0.0,Sales-Search-1
legal aid for business,PAID_ONLY,,0,0,0.0,0.0,Sales-Search-1
nyc social workers,PAID_ONLY,,0,0,0.0,0.0,Sales-Search-1
nyc llc cost,PAID_ONLY,,0,0,0.0,0.0,Sales-Search-1
articles of organization for pllc,PAID_ONLY,,0,0,0.0,0.0,Sales-Search-1
business attorney new york,PAID_ONLY,,0,0,0.0,0.0,Sales-Search-1
ny application for authority llc,PAID_ONLY,,0,0,0.0,0.0,Sales-Search-1
how much is an llc in ny,PAID_ONLY,,0,0,0.0,0.0,Sales-Search-1
northwest llc,PAID_ONLY,,0,0,0.0,0.0,Sales-Search-1
ny state llc fee,PAID_ONLY,,0,0,0.0,0.0,Sales-Search-1
llc vs professional llc,PAID_ONLY,,0,0,0.0,0.0,Sales-Search-1
new york series llc,PAID_ONLY,,0,0,0.0,0.0,Sales-Search-1
nys business entity,PAID_ONLY,,0,0,0.0,0.0,Sales-Search-1
fasttrac nyc,PAID_ONLY,,0,0,0.0,0.0,Sales-Search-1
lcsw application nys,PAID_ONLY,,0,0,0.0,0.0,Sales-Search-1
zenbusiness pllc,PAID_ONLY,,0,0,0.0,0.0,Sales-Search-1
myusacorporation,PAID_ONLY,,0,0,0.0,0.0,Sales-Search-1
nyc social worker,PAID_ONLY,,0,0,0.0,0.0,Sales-Search-1
llc ny publication requirement,PAID_ONLY,,0,0,0.0,0.0,Sales-Search-1
ny llc formation,PAID_ONLY,,0,0,0.0,0.0,Sales-Search-1
www amerilawyer com,PAID_ONLY,,0,0,0.0,0.0,Sales-Search-1
limited liability professional corporation,PAID_ONLY,,0,0,0.0,0.0,Sales-Search-1
business entity formation attorney,PAID_ONLY,,0,0,0.0,0.0,Sales-Search-1
new york biennial statement online filing,PAID_ONLY,,0,0,0.0,0.0,Sales-Search-1
dechert llp new york,PAID_ONLY,,0,0,0.0,0.0,Sales-Search-1
lcsw exam prep,PAID_ONLY,,0,0,0.0,0.0,Sales-Search-1
new york firms,PAID_ONLY,,0,0,0.0,0.0,Sales-Search-1
new york professional services,PAID_ONLY,,0,0,0.0,0.0,Sales-Search-1
pllc meaning,PAID_ONLY,,0,0,0.0,0.0,Sales-Search-1
new york lpc reciprocity,PAID_ONLY,,0,0,0.0,0.0,Sales-Search-1
ropes & gray llp new york,PAID_ONLY,,0,0,0.0,0.0,Sales-Search-1
licensed professional counselor ny,PAID_ONLY,,0,0,0.0,0.0,Sales-Search-1
certificate of publication ny,PAID_ONLY,,0,0,0.0,0.0,Sales-Search-1
office of professions social work,PAID_ONLY,,0,0,0.0,0.0,Sales-Search-1
lcsw cost,PAID_ONLY,,0,0,0.0,0.0,Sales-Search-1
business licence new york,PAID_ONLY,,0,0,0.0,0.0,Sales-Search-1
bizee incfile,PAID_ONLY,,0,0,0.0,0.0,Sales-Search-1
ny limited liability company law,PAID_ONLY,,0,0,0.0,0.0,Sales-Search-1
incorpify solutions,PAID_ONLY,,0,0,0.0,0.0,Sales-Search-1
nys dos 1336,PAID_ONLY,,0,0,0.0,0.0,Sales-Search-1
servico,PAID_ONLY,,0,0,0.0,0.0,Sales-Search-1
law new york,PAID_ONLY,,0,0,0.0,0.0,Sales-Search-1
latham & watkins new york,PAID_ONLY,,0,0,0.0,0.0,Sales-Search-1
platinum filings llc,PAID_ONLY,,0,0,0.0,0.0,Sales-Search-1
ny llc biennial statement filing,PAID_ONLY,,0,0,0.0,0.0,Sales-Search-1
lcsw salary,PAID_ONLY,,0,0,0.0,0.0,Sales-Search-1
nyc biennial statement,PAID_ONLY,,0,0,0.0,0.0,Sales-Search-1
credo legal services reviews,PAID_ONLY,,0,0,0.0,0.0,Sales-Search-1
pllp law,PAID_ONLY,,0,0,0.0,0.0,Sales-Search-1
morrison foerster new york,PAID_ONLY,,0,0,0.0,0.0,Sales-Search-1
corp new york,PAID_ONLY,,0,0,0.0,0.0,Sales-Search-1
ny llc name search,PAID_ONLY,,0,0,0.0,0.0,Sales-Search-1
new york llc publication requirement,PAID_ONLY,,0,0,0.0,0.0,Sales-Search-1
small business attorney near me,PAID_ONLY,,0,0,0.0,0.0,Sales-Search-1
office of the professions social work,PAID_ONLY,,0,0,0.0,0.0,Sales-Search-1
professional llc in new york,PAID_ONLY,,0,0,0.0,0.0,Sales-Search-1
new york university silver school of social work,PAID_ONLY,,0,0,0.0,0.0,Sales-Search-1
my usa corporation,PAID_ONLY,,0,0,0.0,0.0,Sales-Search-1
what's the difference between a pllc and an llc,PAID_ONLY,,0,0,0.0,0.0,Sales-Search-1
llc master,PAID_ONLY,,0,0,0.0,0.0,Sales-Search-1
pllc business,PAID_ONLY,,0,0,0.0,0.0,Sales-Search-1
nyc business wizard,PAID_ONLY,,0,0,0.0,0.0,Sales-Search-1
new york llc name search,PAID_ONLY,,0,0,0.0,0.0,Sales-Search-1
new york corporation filing fees,PAID_ONLY,,0,0,0.0,0.0,Sales-Search-1
new york state corporations,PAID_ONLY,,0,0,0.0,0.0,Sales-Search-1
better legal,PAID_ONLY,,0,0,0.0,0.0,Sales-Search-1
manhattan law,PAID_ONLY,,0,0,0.0,0.0,Sales-Search-1
business new york,PAID_ONLY,,0,0,0.0,0.0,Sales-Search-1
new york city department of small business services,PAID_ONLY,,0,0,0.0,0.0,Sales-Search-1
llc publication kings county,PAID_ONLY,,0,0,0.0,0.0,Sales-Search-1
how to become a therapist nyc,PAID_ONLY,,0,0,0.0,0.0,Sales-Search-1
licsw,PAID_ONLY,,0,0,0.0,0.0,Sales-Search-1
new york dba form,PAID_ONLY,,0,0,0.0,0.0,Sales-Search-1
nys publication requirement llc,PAID_ONLY,,0,0,0.0,0.0,Sales-Search-1
latham and watkins llp new york,PAID_ONLY,,0,0,0.0,0.0,Sales-Search-1
how to start a medical transportation business in new york,PAID_ONLY,,0,0,0.0,0.0,Sales-Search-1
micahguru formation,PAID_ONLY,,0,0,0.0,0.0,Sales-Search-1
pllcs,PAID_ONLY,,0,0,0.0,0.0,Sales-Search-1
certificate of publication ny llc,PAID_ONLY,,0,0,0.0,0.0,Sales-Search-1
pcllc,PAID_ONLY,,0,0,0.0,0.0,Sales-Search-1
how can you get a social worker,PAID_ONLY,,0,0,0.0,0.0,Sales-Search-1
lcsw exam ny,PAID_ONLY,,0,0,0.0,0.0,Sales-Search-1
nylaw,PAID_ONLY,,0,0,0.0,0.0,Sales-Search-1
new york llc registration,PAID_ONLY,,0,0,0.0,0.0,Sales-Search-1
sultzer & lipari pllc,PAID_ONLY,,0,0,0.0,0.0,Sales-Search-1
difference between llc and pllc,PAID_ONLY,,0,0,0.0,0.0,Sales-Search-1
nys llc publishing,PAID_ONLY,,0,0,0.0,0.0,Sales-Search-1
llc lawfirm,PAID_ONLY,,0,0,0.0,0.0,Sales-Search-1
licensed social worker nyc,PAID_ONLY,,0,0,0.0,0.0,Sales-Search-1
nys attorney,PAID_ONLY,,0,0,0.0,0.0,Sales-Search-1
ny llc filing,PAID_ONLY,,0,0,0.0,0.0,Sales-Search-1
nys nasw,PAID_ONLY,,0,0,0.0,0.0,Sales-Search-1
professional corp,PAID_ONLY,,0,0,0.0,0.0,Sales-Search-1
form 1336,PAID_ONLY,,0,0,0.0,0.0,Sales-Search-1
fileright llc,PAID_ONLY,,0,0,0.0,0.0,Sales-Search-1
nys llc publication service,PAID_ONLY,,0,0,0.0,0.0,Sales-Search-1
raino hills,PAID_ONLY,,0,0,0.0,0.0,Sales-Search-1
new york state application for authority,PAID_ONLY,,0,0,0.0,0.0,Sales-Search-1
company registration in new york,PAID_ONLY,,0,0,0.0,0.0,Sales-Search-1
bentley abstract,PAID_ONLY,,0,0,0.0,0.0,Sales-Search-1
mhc lp jobs nyc,PAID_ONLY,,0,0,0.0,0.0,Sales-Search-1
business lawyer free consultation,PAID_ONLY,,0,0,0.0,0.0,Sales-Search-1
new york state corporation certificate of good standing,PAID_ONLY,,0,0,0.0,0.0,Sales-Search-1
notice of formation llc ny,PAID_ONLY,,0,0,0.0,0.0,Sales-Search-1
ny state business name availability,PAID_ONLY,,0,0,0.0,0.0,Sales-Search-1
business express ny,PAID_ONLY,,0,0,0.0,0.0,Sales-Search-1
business registration in new york,PAID_ONLY,,0,0,0.0,0.0,Sales-Search-1
do you have to renew your llc every year,PAID_ONLY,,0,0,0.0,0.0,Sales-Search-1
social worker new york,PAID_ONLY,,0,0,0.0,0.0,Sales-Search-1
what does pllc stand for in business,PAID_ONLY,,0,0,0.0,0.0,Sales-Search-1
lmsw private practice jobs,PAID_ONLY,,0,0,0.0,0.0,Sales-Search-1
check llc name availability nyc,PAID_ONLY,,0,0,0.0,0.0,Sales-Search-1
business attorney nyc,PAID_ONLY,,0,0,0.0,0.0,Sales-Search-1
newyorkregisteredagent com reviews,PAID_ONLY,,0,0,0.0,0.0,Sales-Search-1
registered agent in new york,PAID_ONLY,,0,0,0.0,0.0,Sales-Search-1
register a company in new york,PAID_ONLY,,0,0,0.0,0.0,Sales-Search-1
priori new york,PAID_ONLY,,0,0,0.0,0.0,Sales-Search-1
how to fill out x201 form,PAID_ONLY,,0,0,0.0,0.0,Sales-Search-1
inc authority,PAID_ONLY,,0,0,0.0,0.0,Sales-Search-1
new york state licensing,PAID_ONLY,,0,0,0.0,0.0,Sales-Search-1
nassau county llc publication cost,PAID_ONLY,,0,0,0.0,0.0,Sales-Search-1
how to register a business in ny online,PAID_ONLY,,0,0,0.0,0.0,Sales-Search-1
lcsw application ny,PAID_ONLY,,0,0,0.0,0.0,Sales-Search-1
pllc near me,PAID_ONLY,,0,0,0.0,0.0,Sales-Search-1
ny llc filing fees,PAID_ONLY,,0,0,0.0,0.0,Sales-Search-1
certification of publication ny,PAID_ONLY,,0,0,0.0,0.0,Sales-Search-1
pllc benefits,PAID_ONLY,,0,0,0.0,0.0,Sales-Search-1
forming a professional corporation in new york,PAID_ONLY,,0,0,0.0,0.0,Sales-Search-1
registered agent pllc,PAID_ONLY,,0,0,0.0,0.0,Sales-Search-1
new york business register,PAID_ONLY,,0,0,0.0,0.0,Sales-Search-1
cheapnewyorkllc,PAID_ONLY,,0,0,0.0,0.0,Sales-Search-1
clinical social worker,PAID_ONLY,,0,0,0.0,0.0,Sales-Search-1
pllc means,PAID_ONLY,,0,0,0.0,0.0,Sales-Search-1
corporatedirect com,PAID_ONLY,,0,0,0.0,0.0,Sales-Search-1
what does pllc means,PAID_ONLY,,0,0,0.0,0.0,Sales-Search-1
llc publication requirement nyc,PAID_ONLY,,0,0,0.0,0.0,Sales-Search-1
new york state department of licensing services,PAID_ONLY,,0,0,0.0,0.0,Sales-Search-1
ny publication requirement,PAID_ONLY,,0,0,0.0,0.0,Sales-Search-1
newyorkllcpublishing com reviews,PAID_ONLY,,0,0,0.0,0.0,Sales-Search-1
file llc new york,PAID_ONLY,,0,0,0.0,0.0,Sales-Search-1
what are the benefits of a pllc,PAID_ONLY,,0,0,0.0,0.0,Sales-Search-1
how to dissolve a corporation in ny,PAID_ONLY,,0,0,0.0,0.0,Sales-Search-1
dechert llp nyc,PAID_ONLY,,0,0,0.0,0.0,Sales-Search-1
the llc company,PAID_ONLY,,0,0,0.0,0.0,Sales-Search-1
new york state business express,PAID_ONLY,,0,0,0.0,0.0,Sales-Search-1
article of organization new york,PAID_ONLY,,0,0,0.0,0.0,Sales-Search-1
ny annual report filing fee,PAID_ONLY,,0,0,0.0,0.0,Sales-Search-1
incorp,PAID_ONLY,,0,0,0.0,0.0,Sales-Search-1
llc newspaper publication ny,PAID_ONLY,,0,0,0.0,0.0,Sales-Search-1
ny state business registration,PAID_ONLY,,0,0,0.0,0.0,Sales-Search-1
lcsw nyc,PAID_ONLY,,0,0,0.0,0.0,Sales-Search-1
ny business license application,PAID_ONLY,,0,0,0.0,0.0,Sales-Search-1
pllc llc,PAID_ONLY,,0,0,0.0,0.0,Sales-Search-1
nys business express portal,PAID_ONLY,,0,0,0.0,0.0,Sales-Search-1
nys dos corp ebiennial,PAID_ONLY,,0,0,0.0,0.0,Sales-Search-1
corporate certificate of operation,PAID_ONLY,,0,0,0.0,0.0,Sales-Search-1
pllc accounting services,PAID_ONLY,,0,0,0.0,0.0,Sales-Search-1
you can do it pllc,PAID_ONLY,,0,0,0.0,0.0,Sales-Search-1
what is lmhc,PAID_ONLY,,0,0,0.0,0.0,Sales-Search-1
foreign limited liability company,PAID_ONLY,,0,0,0.0,0.0,Sales-Search-1
ny state business license,PAID_ONLY,,0,0,0.0,0.0,Sales-Search-1
how to file biennial statement nys,PAID_ONLY,,0,0,0.0,0.0,Sales-Search-1
registered agent companies,PAID_ONLY,,0,0,0.0,0.0,Sales-Search-1
new york llc renewal fee,PAID_ONLY,,0,0,0.0,0.0,Sales-Search-1
legal ny,PAID_ONLY,,0,0,0.0,0.0,Sales-Search-1
new york registered agent,PAID_ONLY,,0,0,0.0,0.0,Sales-Search-1
new york form pls709,PAID_ONLY,,0,0,0.0,0.0,Sales-Search-1
nys social work license exam,PAID_ONLY,,0,0,0.0,0.0,Sales-Search-1
licensed clinical social worker,PAID_ONLY,,0,0,0.0,0.0,Sales-Search-1
new york department of state division of licensing services,PAID_ONLY,,0,0,0.0,0.0,Sales-Search-1
social worker brooklyn ny,PAID_ONLY,,0,0,0.0,0.0,Sales-Search-1
nyc llc formation,PAID_ONLY,,0,0,0.0,0.0,Sales-Search-1
new york state registered agent,PAID_ONLY,,0,0,0.0,0.0,Sales-Search-1
fylepro filing,PAID_ONLY,,0,0,0.0,0.0,Sales-Search-1
social worker in new york,PAID_ONLY,,0,0,0.0,0.0,Sales-Search-1
dos 1359 f,PAID_ONLY,,0,0,0.0,0.0,Sales-Search-1
nyregisteredagent,PAID_ONLY,,0,0,0.0,0.0,Sales-Search-1
ny lpc requirements,PAID_ONLY,,0,0,0.0,0.0,Sales-Search-1
new york state llc registration,PAID_ONLY,,0,0,0.0,0.0,Sales-Search-1
what type of business is a pllc,PAID_ONLY,,0,0,0.0,0.0,Sales-Search-1
nyc business,PAID_ONLY,,0,0,0.0,0.0,Sales-Search-1
llc publication new york county,PAID_ONLY,,0,0,0.0,0.0,Sales-Search-1
register to do business in ny,PAID_ONLY,,0,0,0.0,0.0,Sales-Search-1
social work in nyc,PAID_ONLY,,0,0,0.0,0.0,Sales-Search-1
microbusiness license ny application,PAID_ONLY,,0,0,0.0,0.0,Sales-Search-1
pllc name availability,PAID_ONLY,,0,0,0.0,0.0,Sales-Search-1
file nys biennial statement,PAID_ONLY,,0,0,0.0,0.0,Sales-Search-1
single member pllc,PAID_ONLY,,0,0,0.0,0.0,Sales-Search-1
nys llc filing online,PAID_ONLY,,0,0,0.0,0.0,Sales-Search-1
professional corporation,PAID_ONLY,,0,0,0.0,0.0,Sales-Search-1
startup lawyers nyc,PAID_ONLY,,0,0,0.0,0.0,Sales-Search-1
what is a pllc,PAID_ONLY,,0,0,0.0,0.0,Sales-Search-1
developing ny state llc,PAID_ONLY,,0,0,0.0,0.0,Sales-Search-1
pllcd,PAID_ONLY,,0,0,0.0,0.0,Sales-Search-1
licensed clinical social worker ny,PAID_ONLY,,0,0,0.0,0.0,Sales-Search-1
bond schoeneck & king pllc,PAID_ONLY,,0,0,0.0,0.0,Sales-Search-1
new york business advisory & corporate services inc,PAID_ONLY,,0,0,0.0,0.0,Sales-Search-1
nybcl of usa,PAID_ONLY,,0,0,0.0,0.0,Sales-Search-1
how to start a nonprofit organization in new york state,PAID_ONLY,,0,0,0.0,0.0,Sales-Search-1
new york state lcsw application,PAID_ONLY,,0,0,0.0,0.0,Sales-Search-1
how much is a business license in new york,PAID_ONLY,,0,0,0.0,0.0,Sales-Search-1
llc publishing requirement,PAID_ONLY,,0,0,0.0,0.0,Sales-Search-1
business ny,PAID_ONLY,,0,0,0.0,0.0,Sales-Search-1
open a company in new york,PAID_ONLY,,0,0,0.0,0.0,Sales-Search-1
new york state business permits,PAID_ONLY,,0,0,0.0,0.0,Sales-Search-1
ny llc registration,PAID_ONLY,,0,0,0.0,0.0,Sales-Search-1
limited permit mental health counseling ny,PAID_ONLY,,0,0,0.0,0.0,Sales-Search-1
new york certificate of publication,PAID_ONLY,,0,0,0.0,0.0,Sales-Search-1
business lawyers near me,PAID_ONLY,,0,0,0.0,0.0,Sales-Search-1
register my business in new york,PAID_ONLY,,0,0,0.0,0.0,Sales-Search-1
advantage of llc over corporation,PAID_ONLY,,0,0,0.0,0.0,Sales-Search-1
ny biennial statement filing,PAID_ONLY,,0,0,0.0,0.0,Sales-Search-1
professional corporation new york state,PAID_ONLY,,0,0,0.0,0.0,Sales-Search-1
queens county llc publication newspapers,PAID_ONLY,,0,0,0.0,0.0,Sales-Search-1
certificate of publication ny online,PAID_ONLY,,0,0,0.0,0.0,Sales-Search-1
pllcc,PAID_ONLY,,0,0,0.0,0.0,Sales-Search-1
ray social work,PAID_ONLY,,0,0,0.0,0.0,Sales-Search-1
suffolk county llc publication cost,PAID_ONLY,,0,0,0.0,0.0,Sales-Search-1
nys corp formation,PAID_ONLY,,0,0,0.0,0.0,Sales-Search-1
sos ny,PAID_ONLY,,0,0,0.0,0.0,Sales-Search-1
business lawyer nyc,PAID_ONLY,,0,0,0.0,0.0,Sales-Search-1
new york company law,PAID_ONLY,,0,0,0.0,0.0,Sales-Search-1
new york state llc application,PAID_ONLY,,0,0,0.0,0.0,Sales-Search-1
pllc operating agreement template,PAID_ONLY,,0,0,0.0,0.0,Sales-Search-1
limited liability company law new york,PAID_ONLY,,0,0,0.0,0.0,Sales-Search-1
nyc llc publishing,PAID_ONLY,,0,0,0.0,0.0,Sales-Search-1
my corporation,PAID_ONLY,,0,0,0.0,0.0,Sales-Search-1
new york biennial statement filing,PAID_ONLY,,0,0,0.0,0.0,Sales-Search-1
nlny associates,PAID_ONLY,,0,0,0.0,0.0,Sales-Search-1
nys biennial filing,PAID_ONLY,,0,0,0.0,0.0,Sales-Search-1
what is pllc mean,PAID_ONLY,,0,0,0.0,0.0,Sales-Search-1
new york lcsw application,PAID_ONLY,,0,0,0.0,0.0,Sales-Search-1
new york professional service corporation,PAID_ONLY,,0,0,0.0,0.0,Sales-Search-1
new york llc requirements,PAID_ONLY,,0,0,0.0,0.0,Sales-Search-1
businessexpress ny gov,PAID_ONLY,,0,0,0.0,0.0,Sales-Search-1
new york llc fee,PAID_ONLY,,0,0,0.0,0.0,Sales-Search-1
register sole proprietorship nyc,PAID_ONLY,,0,0,0.0,0.0,Sales-Search-1
formation nyc,PAID_ONLY,,0,0,0.0,0.0,Sales-Search-1
lcsw requirements ny,PAID_ONLY,,0,0,0.0,0.0,Sales-Search-1
business lawyer near me,PAID_ONLY,,0,0,0.0,0.0,Sales-Search-1
nys lcsw application status,PAID_ONLY,,0,0,0.0,0.0,Sales-Search-1
business license nyc,PAID_ONLY,,0,0,0.0,0.0,Sales-Search-1
business certificate nyc,PAID_ONLY,,0,0,0.0,0.0,Sales-Search-1
legal zoom services,PAID_ONLY,,0,0,0.0,0.0,Sales-Search-1
llc publishing nyc,PAID_ONLY,,0,0,0.0,0.0,Sales-Search-1
ny limited,PAID_ONLY,,0,0,0.0,0.0,Sales-Search-1
application for authority to do business in new york,PAID_ONLY,,0,0,0.0,0.0,Sales-Search-1
getting a social worker,PAID_ONLY,,0,0,0.0,0.0,Sales-Search-1
articles of organization pllc,PAID_ONLY,,0,0,0.0,0.0,Sales-Search-1
do i need a corporate book and seal for an llc,PAID_ONLY,,0,0,0.0,0.0,Sales-Search-1
new york state department of business licensing,PAID_ONLY,,0,0,0.0,0.0,Sales-Search-1
pllc com,PAID_ONLY,,0,0,0.0,0.0,Sales-Search-1
plllc,PAID_ONLY,,0,0,0.0,0.0,Sales-Search-1
new york business express,PAID_ONLY,,0,0,0.0,0.0,Sales-Search-1
northwest registered agent albany,PAID_ONLY,,0,0,0.0,0.0,Sales-Search-1
402 bcl business corporation law,PAID_ONLY,,0,0,0.0,0.0,Sales-Search-1
new york corporate services,PAID_ONLY,,0,0,0.0,0.0,Sales-Search-1
register foreign corporation in new york,PAID_ONLY,,0,0,0.0,0.0,Sales-Search-1
professional service corporation,PAID_ONLY,,0,0,0.0,0.0,Sales-Search-1
legalzoom vs zenbusiness,PAID_ONLY,,0,0,0.0,0.0,Sales-Search-1
ny publication service,PAID_ONLY,,0,0,0.0,0.0,Sales-Search-1
new york limited liability company,PAID_ONLY,,0,0,0.0,0.0,Sales-Search-1
new york professional corporation law,PAID_ONLY,,0,0,0.0,0.0,Sales-Search-1
usa corporate services,PAID_ONLY,,0,0,0.0,0.0,Sales-Search-1
lcsw forms,PAID_ONLY,,0,0,0.0,0.0,Sales-Search-1
nybacs,PAID_ONLY,,0,0,0.0,0.0,Sales-Search-1
new york corporate law firms,PAID_ONLY,,0,0,0.0,0.0,Sales-Search-1
new york state business registration,PAID_ONLY,,0,0,0.0,0.0,Sales-Search-1
registered agent new york,PAID_ONLY,,0,0,0.0,0.0,Sales-Search-1
attorney for small business,PAID_ONLY,,0,0,0.0,0.0,Sales-Search-1
dos 1336,PAID_ONLY,,0,0,0.0,0.0,Sales-Search-1
nylta filing,PAID_ONLY,,0,0,0.0,0.0,Sales-Search-1
new york business formation,PAID_ONLY,,0,0,0.0,0.0,Sales-Search-1
pc pllc,PAID_ONLY,,0,0,0.0,0.0,Sales-Search-1
lcsw ny requirements,PAID_ONLY,,0,0,0.0,0.0,Sales-Search-1
corporate filings llc,PAID_ONLY,,0,0,0.0,0.0,Sales-Search-1
ny incorporate,PAID_ONLY,,0,0,0.0,0.0,Sales-Search-1
new york incorporators,PAID_ONLY,,0,0,0.0,0.0,Sales-Search-1
ny corporate,PAID_ONLY,,0,0,0.0,0.0,Sales-Search-1
new york publication service,PAID_ONLY,,0,0,0.0,0.0,Sales-Search-1
file nys biennial statement $9,PAID_ONLY,,0,0,0.0,0.0,Sales-Search-1
how to start a home care agency in ny,PAID_ONLY,,0,0,0.0,0.0,Sales-Search-1
general business law new york,PAID_ONLY,,0,0,0.0,0.0,Sales-Search-1
the shelf company,PAID_ONLY,,0,0,0.0,0.0,Sales-Search-1
new york company registration,PAID_ONLY,,0,0,0.0,0.0,Sales-Search-1
new york registered agents,PAID_ONLY,,0,0,0.0,0.0,Sales-Search-1
llc formation in ny,PAID_ONLY,,0,0,0.0,0.0,Sales-Search-1
nyc business services,PAID_ONLY,,0,0,0.0,0.0,Sales-Search-1
certificate of authority to do business in ny,PAID_ONLY,,0,0,0.0,0.0,Sales-Search-1
articles of incorporation,PAID_ONLY,,0,0,0.0,0.0,Sales-Search-1
bettina thomsen,PAID_ONLY,,0,0,0.0,0.0,Sales-Search-1
jennifer silverman pllc,PAID_ONLY,,0,0,0.0,0.0,Sales-Search-1
business formation attorney,PAID_ONLY,,0,0,0.0,0.0,Sales-Search-1
taylor legal nyc pllc,PAID_ONLY,,0,0,0.0,0.0,Sales-Search-1
division of licensing services new york,PAID_ONLY,,0,0,0.0,0.0,Sales-Search-1
ny biz express,PAID_ONLY,,0,0,0.0,0.0,Sales-Search-1
business lawyer staten island,PAID_ONLY,,0,0,0.0,0.0,Sales-Search-1
ny authority to do business,PAID_ONLY,,0,0,0.0,0.0,Sales-Search-1
professional entity,PAID_ONLY,,0,0,0.0,0.0,Sales-Search-1
new york limited liability company law,PAID_ONLY,,0,0,0.0,0.0,Sales-Search-1
nyc incorporation,PAID_ONLY,,0,0,0.0,0.0,Sales-Search-1
best registered agent service ny,PAID_ONLY,,0,0,0.0,0.0,Sales-Search-1
intellectual property new york,PAID_ONLY,,0,0,0.0,0.0,Sales-Search-1
new york state corporation,PAID_ONLY,,0,0,0.0,0.0,Sales-Search-1
forming pllc new york,PAID_ONLY,,0,0,0.0,0.0,01_Core_Exact_NY | Sales-Search-1
new york publication requirement llc,PAID_ONLY,,0,0,0.0,0.0,Sales-Search-1
llp ny,PAID_ONLY,,0,0,0.0,0.0,Sales-Search-1
pc vs pllc,PAID_ONLY,,0,0,0.0,0.0,Sales-Search-1
el sol lcsw services pllc,PAID_ONLY,,0,0,0.0,0.0,Sales-Search-1
do pllc,PAID_ONLY,,0,0,0.0,0.0,Sales-Search-1
new york state company,PAID_ONLY,,0,0,0.0,0.0,Sales-Search-1
new york department of state,PAID_ONLY,,0,0,0.0,0.0,Sales-Search-1
design professional corporation,PAID_ONLY,,0,0,0.0,0.0,Sales-Search-1
business llc nyc,PAID_ONLY,,0,0,0.0,0.0,Sales-Search-1
lcsw vibes,PAID_ONLY,,0,0,0.0,0.0,Sales-Search-1
bookmyllc,PAID_ONLY,,0,0,0.0,0.0,Sales-Search-1
filing new york,PAID_ONLY,,0,0,0.0,0.0,Sales-Search-1
filing a dba in ny,PAID_ONLY,,0,0,0.0,0.0,Sales-Search-1
bcsnygroup,PAID_ONLY,,0,0,0.0,0.0,Sales-Search-1
what does pllc mean,PAID_ONLY,,0,0,0.0,0.0,Sales-Search-1
ny registered agent,PAID_ONLY,,0,0,0.0,0.0,Sales-Search-1
nyc llc publication requirement,PAID_ONLY,,0,0,0.0,0.0,Sales-Search-1
pc formation,PAID_ONLY,,0,0,0.0,0.0,Sales-Search-1
pllc look up,PAID_ONLY,,0,0,0.0,0.0,Sales-Search-1
professional service corporation new york,PAID_ONLY,,0,0,0.0,0.0,Sales-Search-1
firm formation,PAID_ONLY,,0,0,0.0,0.0,Sales-Search-1
pls 709,PAID_ONLY,,0,0,0.0,0.0,Sales-Search-1
pllc accounting,PAID_ONLY,,0,0,0.0,0.0,Sales-Search-1
new york state llc publication requirement,PAID_ONLY,,0,0,0.0,0.0,Sales-Search-1
bizee com,PAID_ONLY,,0,0,0.0,0.0,Sales-Search-1
what does pllc stand for in dentistry,ORGANIC_ONLY,41.6,0,0,0.0,0.0,
limited liability company lawyer,ORGANIC_ONLY,37.0,0,0,0.0,0.0,
new york department of state pllc filing instructions,ORGANIC_ONLY,5.3,0,0,0.0,0.0,
what is a pllc business,ORGANIC_ONLY,74.3,0,0,0.0,0.0,
nyc,ORGANIC_ONLY,2.0,0,0,0.0,0.0,
choice of agent mailing address,ORGANIC_ONLY,95.5,0,0,0.0,0.0,
new york state pe,ORGANIC_ONLY,23.0,0,0,0.0,0.0,
nurse llc,ORGANIC_ONLY,62.0,0,0,0.0,0.0,
virtual business address new york,ORGANIC_ONLY,50.0,0,0,0.0,0.0,
new york foreign llc,ORGANIC_ONLY,46.9,0,0,0.0,0.0,
virtual address for business registration,ORGANIC_ONLY,75.0,0,0,0.0,0.0,
how to become a licensed massage therapist in ny,ORGANIC_ONLY,75.0,0,0,0.0,0.0,
nyc mail forwarding,ORGANIC_ONLY,35.0,0,0,0.0,0.0,
virtual registered agent,ORGANIC_ONLY,38.0,0,0,0.0,0.0,
pie engineering,ORGANIC_ONLY,60.0,0,0,0.0,0.0,
business partner,ORGANIC_ONLY,2.0,0,0,0.0,0.0,
connecticut foreign llc registration,ORGANIC_ONLY,35.0,0,0,0.0,0.0,
requirements to register a law firm,ORGANIC_ONLY,20.5,0,0,0.0,0.0,
rochester ny,ORGANIC_ONLY,8.0,0,0,0.0,0.0,
what are the requirements for nurse practitioner,ORGANIC_ONLY,90.0,0,0,0.0,0.0,
how to register a law firm,ORGANIC_ONLY,27.0,0,0,0.0,0.0,
what papers do i need?,ORGANIC_ONLY,1.0,0,0,0.0,0.0,
requirements to be an optometrist,ORGANIC_ONLY,88.5,0,0,0.0,0.0,
nyc virtual office mail forwarding,ORGANIC_ONLY,76.0,0,0,0.0,0.0,
nys pt,ORGANIC_ONLY,18.3,0,0,0.0,0.0,
how to become a business lawyer,ORGANIC_ONLY,79.0,0,0,0.0,0.0,
order llc,ORGANIC_ONLY,5.5,0,0,0.0,0.0,
power of attorney for llc,ORGANIC_ONLY,84.0,0,0,0.0,0.0,
nyc massage license,ORGANIC_ONLY,52.0,0,0,0.0,0.0,
dc pllc,ORGANIC_ONLY,17.8,0,0,0.0,0.0,
licensed mental health,ORGANIC_ONLY,43.0,0,0,0.0,0.0,
professional limited liability,ORGANIC_ONLY,42.4,0,0,0.0,0.0,
how to form your own llc,ORGANIC_ONLY,93.2,0,0,0.0,0.0,
mhc new york,ORGANIC_ONLY,30.2,0,0,0.0,0.0,
new york state architect license,ORGANIC_ONLY,55.0,0,0,0.0,0.0,
dental corporation formation,ORGANIC_ONLY,74.9,0,0,0.0,0.0,
best online llc formation service,ORGANIC_ONLY,58.2,0,0,0.0,0.0,
lmhc,ORGANIC_ONLY,40.6,0,0,0.0,0.0,
how to list,ORGANIC_ONLY,9.0,0,0,0.0,0.0,
massage therapy business license,ORGANIC_ONLY,68.0,0,0,0.0,0.0,
for nys,ORGANIC_ONLY,3.0,1,0,0.0,0.0,
professional llc formation service,ORGANIC_ONLY,7.5,0,0,0.0,0.0,
foreign llc doing business in ny,ORGANIC_ONLY,70.2,0,0,0.0,0.0,
naming a licensed clinical social worker professional corporation,ORGANIC_ONLY,60.5,0,0,0.0,0.0,
massage therapist register,ORGANIC_ONLY,59.5,0,0,0.0,0.0,
new york state licensed mental health counselor,ORGANIC_ONLY,49.9,0,0,0.0,0.0,
board engineering,ORGANIC_ONLY,45.0,0,0,0.0,0.0,
lcsws,ORGANIC_ONLY,10.0,0,0,0.0,0.0,
best virtual business address and phone number,ORGANIC_ONLY,79.0,0,0,0.0,0.0,
which online llc formation service companies in new york have pricing strategies that best boost customer loyalty and repeat purchases?,ORGANIC_ONLY,1.0,0,0,0.0,0.0,
what online llc formation companies in new york stand out for their attractive price points?,ORGANIC_ONLY,8.0,0,0,0.0,0.0,
professional engineering practice,ORGANIC_ONLY,58.0,0,0,0.0,0.0,
np llc,ORGANIC_ONLY,9.0,0,0,0.0,0.0,
optometry private practice,ORGANIC_ONLY,42.0,0,0,0.0,0.0,
"for online llc formation service companies in new york, which ones have the best transparency?",ORGANIC_ONLY,5.0,0,0,0.0,0.0,
com,ORGANIC_ONLY,5.0,0,0,0.0,0.0,
open a massage business,ORGANIC_ONLY,20.7,0,0,0.0,0.0,
change of address services,ORGANIC_ONLY,80.0,0,0,0.0,0.0,
how to form an llc,ORGANIC_ONLY,81.4,0,0,0.0,0.0,
what is md pllc,ORGANIC_ONLY,20.0,0,0,0.0,0.0,
virtual address for llc,ORGANIC_ONLY,54.2,0,0,0.0,0.0,
new york mhc,ORGANIC_ONLY,21.1,0,0,0.0,0.0,
pllc formation ny,ORGANIC_ONLY,10.5,1,0,0.0,0.0,
virtual forwarding address,ORGANIC_ONLY,56.0,0,0,0.0,0.0,
pt private practice,ORGANIC_ONLY,57.0,0,0,0.0,0.0,
new york registered agent virtual office business address,ORGANIC_ONLY,8.2,0,0,0.0,0.0,
new york virtual business address,ORGANIC_ONLY,82.6,0,0,0.0,0.0,
best anonymous llc formation services in new york,ORGANIC_ONLY,11.7,0,0,0.0,0.0,
fnp license,ORGANIC_ONLY,70.0,0,0,0.0,0.0,
nurse practitioner new york state,ORGANIC_ONLY,53.8,0,0,0.0,0.0,
attorney to form llc,ORGANIC_ONLY,23.0,0,0,0.0,0.0,
registered address services,ORGANIC_ONLY,28.0,0,0,0.0,0.0,
llc address service,ORGANIC_ONLY,51.9,0,0,0.0,0.0,
certified physical therapist,ORGANIC_ONLY,57.0,0,0,0.0,0.0,
register foreign llc in ny,ORGANIC_ONLY,60.5,0,0,0.0,0.0,
veterinarian in manhattan,ORGANIC_ONLY,13.0,0,0,0.0,0.0,
things you need to be a lawyer,ORGANIC_ONLY,50.0,0,0,0.0,0.0,
physical therapist,ORGANIC_ONLY,3.0,0,0,0.0,0.0,
virtual address for llc nyc,ORGANIC_ONLY,53.0,0,0,0.0,0.0,
limhp,ORGANIC_ONLY,59.0,0,0,0.0,0.0,
nurse practitioner new york ny,ORGANIC_ONLY,47.0,0,0,0.0,0.0,
nys lmhc,ORGANIC_ONLY,30.0,0,0,0.0,0.0,
queens county how to publish an llc,ORGANIC_ONLY,90.0,0,0,0.0,0.0,
dental practice formation,ORGANIC_ONLY,5.7,0,0,0.0,0.0,
is this worth the price?,ORGANIC_ONLY,1.0,0,0,0.0,0.0,
foreign llc registration new york,ORGANIC_ONLY,49.1,0,0,0.0,0.0,
private practice in occupational therapy,ORGANIC_ONLY,98.0,0,0,0.0,0.0,
mailing address,ORGANIC_ONLY,10.0,0,0,0.0,0.0,
how to get virtual address for llc,ORGANIC_ONLY,77.0,0,0,0.0,0.0,
social work,ORGANIC_ONLY,8.3,0,0,0.0,0.0,
licensed engineer,ORGANIC_ONLY,15.5,0,0,0.0,0.0,
virtual office pearl river,ORGANIC_ONLY,19.4,0,0,0.0,0.0,
new york professional engineer license,ORGANIC_ONLY,35.5,0,0,0.0,0.0,
nurse practitioner requirements,ORGANIC_ONLY,62.3,0,0,0.0,0.0,
registered agent with virtual address,ORGANIC_ONLY,7.0,0,0,0.0,0.0,
lmhc-p,ORGANIC_ONLY,64.0,0,0,0.0,0.0,
best llc formation services for new york 2026,ORGANIC_ONLY,14.0,0,0,0.0,0.0,
certified clinical mental health counselor,ORGANIC_ONLY,74.0,0,0,0.0,0.0,
licenced nurse practitioner,ORGANIC_ONLY,61.5,0,0,0.0,0.0,
registered office address services,ORGANIC_ONLY,37.5,0,0,0.0,0.0,
how to be a registered massage therapist,ORGANIC_ONLY,77.5,0,0,0.0,0.0,
how to form a llc,ORGANIC_ONLY,82.7,0,0,0.0,0.0,
new york nurse practitioner,ORGANIC_ONLY,54.9,0,0,0.0,0.0,
new york mailbox forwarding,ORGANIC_ONLY,64.0,0,0,0.0,0.0,
physician llc,ORGANIC_ONLY,57.5,0,0,0.0,0.0,
virtual address service for llc,ORGANIC_ONLY,77.6,0,0,0.0,0.0,
what about for ny,ORGANIC_ONLY,3.0,0,0,0.0,0.0,
llc for nurse practioner,ORGANIC_ONLY,25.6,0,0,0.0,0.0,
registered office address provider,ORGANIC_ONLY,43.0,0,0,0.0,0.0,
optometry credentialing,ORGANIC_ONLY,35.3,0,0,0.0,0.0,
apply for professional engineer,ORGANIC_ONLY,89.0,0,0,0.0,0.0,
attorney designation,ORGANIC_ONLY,33.5,0,0,0.0,0.0,
attorney llc,ORGANIC_ONLY,20.0,0,0,0.0,0.0,
lmt title,ORGANIC_ONLY,11.0,0,0,0.0,0.0,
engineering ps,ORGANIC_ONLY,50.0,0,0,0.0,0.0,
18 pt,ORGANIC_ONLY,53.0,0,0,0.0,0.0,
new york state occupational therapy license,ORGANIC_ONLY,67.0,0,0,0.0,0.0,
ny state professional engineer license,ORGANIC_ONLY,37.5,0,0,0.0,0.0,
how to become a lmhc in ny,ORGANIC_ONLY,75.0,0,0,0.0,0.0,
professional limited liability company (pllc),ORGANIC_ONLY,10.0,0,0,0.0,0.0,
lmhc a,ORGANIC_ONLY,43.0,0,0,0.0,0.0,
nurse practitioner new york,ORGANIC_ONLY,59.9,0,0,0.0,0.0,
legalzoom pllc formation,ORGANIC_ONLY,12.8,0,0,0.0,0.0,
llc for law firm,ORGANIC_ONLY,32.5,0,0,0.0,0.0,
earth class mail new york address,ORGANIC_ONLY,90.5,0,0,0.0,0.0,
law,ORGANIC_ONLY,1.5,0,0,0.0,0.0,
ny,ORGANIC_ONLY,3.0,0,0,0.0,0.0,
lmts,ORGANIC_ONLY,2.0,0,0,0.0,0.0,
nurse practitioner licensure,ORGANIC_ONLY,84.0,0,0,0.0,0.0,
best service to form llc,ORGANIC_ONLY,62.2,0,0,0.0,0.0,
out of state llc doing business in new york,ORGANIC_ONLY,80.0,0,0,0.0,0.0,
how to become a massage therapist nyc,ORGANIC_ONLY,83.5,0,0,0.0,0.0,
professional engineer new york,ORGANIC_ONLY,32.4,0,0,0.0,0.0,
professional practitioner,ORGANIC_ONLY,38.0,0,0,0.0,0.0,
how to apply for llp,ORGANIC_ONLY,33.0,0,0,0.0,0.0,
ny engineer,ORGANIC_ONLY,58.0,0,0,0.0,0.0,
best way to form llc,ORGANIC_ONLY,93.1,0,0,0.0,0.0,
what is pllc in dentistry,ORGANIC_ONLY,18.1,0,0,0.0,0.0,
lmhp,ORGANIC_ONLY,59.0,0,0,0.0,0.0,
ny physical therapy license,ORGANIC_ONLY,39.0,0,0,0.0,0.0,
virtual address for llc near me,ORGANIC_ONLY,84.0,0,0,0.0,0.0,
new york professional engineering license,ORGANIC_ONLY,35.5,0,0,0.0,0.0,
new york state licensed architects,ORGANIC_ONLY,43.3,0,0,0.0,0.0,
new york state speech language pathology license,ORGANIC_ONLY,69.0,0,0,0.0,0.0,
pt ein,ORGANIC_ONLY,35.0,0,0,0.0,0.0,
llc mail forwarding,ORGANIC_ONLY,98.0,0,0,0.0,0.0,
post forwarding new york,ORGANIC_ONLY,46.5,0,0,0.0,0.0,
online change of address service,ORGANIC_ONLY,91.0,0,0,0.0,0.0,
how to form an llc in nyc,ORGANIC_ONLY,96.5,0,0,0.0,0.0,
where can i publish my llc the bronx,ORGANIC_ONLY,81.5,0,0,0.0,0.0,
lmt licensed massage therapist,ORGANIC_ONLY,22.0,0,0,0.0,0.0,
for massage therapy,ORGANIC_ONLY,4.0,1,0,0.0,0.0,
professional new york llc formation service with ongoing legal support,ORGANIC_ONLY,11.7,0,0,0.0,0.0,
licensed massage,ORGANIC_ONLY,33.0,0,0,0.0,0.0,
ny np license application,ORGANIC_ONLY,33.0,0,0,0.0,0.0,
business address and phone number,ORGANIC_ONLY,39.0,0,0,0.0,0.0,
professional engineering course,ORGANIC_ONLY,80.0,0,0,0.0,0.0,
foreign qualification texas,ORGANIC_ONLY,27.7,0,0,0.0,0.0,
nys nurse practitioner,ORGANIC_ONLY,46.0,0,0,0.0,0.0,
new york np license application,ORGANIC_ONLY,41.0,0,0,0.0,0.0,
np-c,ORGANIC_ONLY,80.5,0,0,0.0,0.0,
lmhc requirements ny,ORGANIC_ONLY,34.6,0,0,0.0,0.0,
pllc meaning therapy,ORGANIC_ONLY,35.0,0,0,0.0,0.0,
mhc-lp,ORGANIC_ONLY,41.7,0,0,0.0,0.0,
clinical mental health counselor license,ORGANIC_ONLY,77.0,0,0,0.0,0.0,
professional engineer training,ORGANIC_ONLY,70.5,0,0,0.0,0.0,
a law firm pc,ORGANIC_ONLY,11.5,0,0,0.0,0.0,
how to find an attorney by specialty,ORGANIC_ONLY,89.0,0,0,0.0,0.0,
nursing nurse practitioner,ORGANIC_ONLY,81.0,0,0,0.0,0.0,
pt filing,ORGANIC_ONLY,13.4,0,0,0.0,0.0,
where to form an llc,ORGANIC_ONLY,78.7,0,0,0.0,0.0,
private engineer,ORGANIC_ONLY,18.0,0,0,0.0,0.0,
new york physical therapy license,ORGANIC_ONLY,70.7,0,0,0.0,0.0,
cheap virtual address for llc,ORGANIC_ONLY,83.5,0,0,0.0,0.0,
what documents do i need to apply for massage therapist insurance?,ORGANIC_ONLY,37.7,0,0,0.0,0.0,
lawyer llc,ORGANIC_ONLY,27.3,0,0,0.0,0.0,
education,ORGANIC_ONLY,3.0,0,0,0.0,0.0,
home based massage therapy business,ORGANIC_ONLY,5.7,0,0,0.0,0.0,
mpllc,ORGANIC_ONLY,2.0,0,0,0.0,0.0,
certified registered nurse anesthetist,ORGANIC_ONLY,9.0,0,0,0.0,0.0,
registered office service provider,ORGANIC_ONLY,44.0,0,0,0.0,0.0,
address service,ORGANIC_ONLY,36.0,0,0,0.0,0.0,
what do you need to become an optometrist,ORGANIC_ONLY,96.0,0,0,0.0,0.0,
nurse practitioner license,ORGANIC_ONLY,61.0,0,0,0.0,0.0,
business entity formation package york,ORGANIC_ONLY,7.0,0,0,0.0,0.0,
licensed massage therapy,ORGANIC_ONLY,27.0,0,0,0.0,0.0,
new york llc formation packages with compliance help,ORGANIC_ONLY,11.0,0,0,0.0,0.0,
licensed mental health practitioner,ORGANIC_ONLY,39.0,0,0,0.0,0.0,
open massage business,ORGANIC_ONLY,36.5,0,0,0.0,0.0,
llc filing services bronx ny,ORGANIC_ONLY,39.6,0,0,0.0,0.0,
how to become a massage therapist in ny,ORGANIC_ONLY,71.8,0,0,0.0,0.0,
certified nursing practitioner,ORGANIC_ONLY,85.5,0,0,0.0,0.0,
owner http://www.formptnyc.com/,ORGANIC_ONLY,6.0,0,0,0.0,0.0,
ny np license,ORGANIC_ONLY,50.0,0,0,0.0,0.0,
how to become a massage therapist in new york,ORGANIC_ONLY,71.4,0,0,0.0,0.0,
independent nurse practitioner,ORGANIC_ONLY,81.0,0,0,0.0,0.0,
can an np be a medical director in new york,ORGANIC_ONLY,84.0,0,0,0.0,0.0,
yes,ORGANIC_ONLY,5.0,1,0,0.0,0.0,
filing solutions llc,ORGANIC_ONLY,7.2,0,0,0.0,0.0,
how do i form an llc,ORGANIC_ONLY,87.6,0,0,0.0,0.0,
which online llc formation service companies in new york are recognized for their impressive turnaround speeds?,ORGANIC_ONLY,13.0,0,0,0.0,0.0,
new york pt license,ORGANIC_ONLY,44.3,0,0,0.0,0.0,
ny foreign llc registration,ORGANIC_ONLY,43.7,0,0,0.0,0.0,
virtual address in new york,ORGANIC_ONLY,82.1,0,0,0.0,0.0,
usa pathology pllc,ORGANIC_ONLY,1.0,0,0,0.0,0.0,
licensed mental health counselor ny,ORGANIC_ONLY,41.4,0,0,0.0,0.0,
who is a legal practitioner,ORGANIC_ONLY,45.0,0,0,0.0,0.0,
how do i find a massage therapist who will come to my rental in new york?,ORGANIC_ONLY,1.0,0,0,0.0,0.0,
do architects have to be licensed,ORGANIC_ONLY,90.0,0,0,0.0,0.0,
how to form my llc,ORGANIC_ONLY,99.0,0,0,0.0,0.0,
virtual adress for llc,ORGANIC_ONLY,50.0,0,0,0.0,0.0,
board engineer,ORGANIC_ONLY,63.0,0,0,0.0,0.0,
law firm llc,ORGANIC_ONLY,9.0,0,0,0.0,0.0,
best llc formation services in 2026,ORGANIC_ONLY,12.3,0,0,0.0,0.0,
licensed nurse practitioners,ORGANIC_ONLY,60.7,0,0,0.0,0.0,
pllc dentist,ORGANIC_ONLY,31.5,0,0,0.0,0.0,
list companies offering online llc formation services in new york.,ORGANIC_ONLY,12.0,0,0,0.0,0.0,
professional engineers registration,ORGANIC_ONLY,31.0,0,0,0.0,0.0,
optometrist insurance credentialing,ORGANIC_ONLY,75.8,0,0,0.0,0.0,
foreign llc in pennsylvania,ORGANIC_ONLY,26.7,0,0,0.0,0.0,
what are the requirements to become a lawyer,ORGANIC_ONLY,89.0,0,0,0.0,0.0,
law firm requirements,ORGANIC_ONLY,28.0,0,0,0.0,0.0,
brooklyn where can i publish my llc,ORGANIC_ONLY,83.0,0,0,0.0,0.0,
business address for llc near me,ORGANIC_ONLY,58.0,0,0,0.0,0.0,
new york pllc psychotherapist formation requirements,ORGANIC_ONLY,9.0,0,0,0.0,0.0,
nys professional engineer,ORGANIC_ONLY,34.9,0,0,0.0,0.0,
lmt in nyc,ORGANIC_ONLY,64.5,0,0,0.0,0.0,
texas foreign qualification,ORGANIC_ONLY,23.0,0,0,0.0,0.0,
professional new york llc formation services with ongoing legal support,ORGANIC_ONLY,14.3,0,0,0.0,0.0,
license nurse practitioner,ORGANIC_ONLY,58.0,0,0,0.0,0.0,
professional business formation service,ORGANIC_ONLY,21.9,0,0,0.0,0.0,
what is a pllc therapist,ORGANIC_ONLY,20.0,0,0,0.0,0.0,
new york foreign entity registration,ORGANIC_ONLY,57.5,0,0,0.0,0.0,
can a mail forwarding business be used as a registered agent,ORGANIC_ONLY,39.5,0,0,0.0,0.0,
professional eng,ORGANIC_ONLY,70.0,0,0,0.0,0.0,
how to become a physical therapist in ny,ORGANIC_ONLY,85.0,0,0,0.0,0.0,
in nys,ORGANIC_ONLY,13.0,0,0,0.0,0.0,
practitioner licenses that apply,ORGANIC_ONLY,53.0,0,0,0.0,0.0,
total estimated cost?,ORGANIC_ONLY,3.0,0,0,0.0,0.0,
new york department of state pllc formation professional service,ORGANIC_ONLY,8.3,0,0,0.0,0.0,
pllc form,ORGANIC_ONLY,9.7,0,0,0.0,0.0,
where can i publish my llc queens county,ORGANIC_ONLY,96.0,0,0,0.0,0.0,
new york nurse practitioners,ORGANIC_ONLY,60.0,0,0,0.0,0.0,
where can i get my llc license near me,ORGANIC_ONLY,86.0,0,0,0.0,0.0,
how to get the license,ORGANIC_ONLY,5.0,0,0,0.0,0.0,
new york city business address,ORGANIC_ONLY,134.0,0,0,0.0,0.0,
how to form llc in ny,ORGANIC_ONLY,92.3,0,0,0.0,0.0,
virtual mailing address new york,ORGANIC_ONLY,48.0,0,0,0.0,0.0,
"which online llc formation service companies in new york offer genuine savings, not just marketing tactics?",ORGANIC_ONLY,1.0,0,0,0.0,0.0,
mail forwarding new york city,ORGANIC_ONLY,52.0,0,0,0.0,0.0,
certified registered nurse practitioner,ORGANIC_ONLY,78.0,0,0,0.0,0.0,
attorney,ORGANIC_ONLY,4.5,0,0,0.0,0.0,
ny state,ORGANIC_ONLY,9.0,0,0,0.0,0.0,
best llc formation services 2026,ORGANIC_ONLY,10.5,0,0,0.0,0.0,
pt s,ORGANIC_ONLY,11.0,0,0,0.0,0.0,
business address new york,ORGANIC_ONLY,94.0,0,0,0.0,0.0,
nyc architecture license,ORGANIC_ONLY,28.0,0,0,0.0,0.0,
requirement for nurse practitioner,ORGANIC_ONLY,61.0,0,0,0.0,0.0,
professional engineering service,ORGANIC_ONLY,35.0,0,0,0.0,0.0,
business address and mail forwarding,ORGANIC_ONLY,73.0,0,0,0.0,0.0,
in new york,ORGANIC_ONLY,3.0,0,0,0.0,0.0,
lawyer to start llc,ORGANIC_ONLY,24.6,0,0,0.0,0.0,
physical therapy manhattan,ORGANIC_ONLY,19.0,0,0,0.0,0.0,
new york state mental health counselor,ORGANIC_ONLY,42.0,0,0,0.0,0.0,
cheapest way to form an llc in ny,ORGANIC_ONLY,81.0,0,0,0.0,0.0,
md professional llc,ORGANIC_ONLY,55.0,0,0,0.0,0.0,
physical therapy buisness,ORGANIC_ONLY,45.0,0,0,0.0,0.0,
lmhc license ny,ORGANIC_ONLY,43.8,0,0,0.0,0.0,
white plains llc formation services,ORGANIC_ONLY,67.0,0,0,0.0,0.0,
new york professional engineer,ORGANIC_ONLY,30.9,0,0,0.0,0.0,
nyaddress,ORGANIC_ONLY,33.5,0,0,0.0,0.0,
how much they charge,ORGANIC_ONLY,1.0,0,0,0.0,0.0,
virtual address and mail forwarding,ORGANIC_ONLY,53.1,0,0,0.0,0.0,
incorporation for engineers,ORGANIC_ONLY,49.6,0,0,0.0,0.0,
how can i form an llc,ORGANIC_ONLY,89.5,0,0,0.0,0.0,
best website to form llc,ORGANIC_ONLY,70.2,0,0,0.0,0.0,
licensed massage therapist new york,ORGANIC_ONLY,54.0,0,0,0.0,0.0,
address companies,ORGANIC_ONLY,27.0,0,0,0.0,0.0,
new york state nurse practitioner license,ORGANIC_ONLY,66.3,0,0,0.0,0.0,
which online llc formation service companies in new york have specific promotions that are memorable or impactful?,ORGANIC_ONLY,4.0,0,0,0.0,0.0,
do you need a license to preach,ORGANIC_ONLY,90.5,0,0,0.0,0.0,
virtual business address free,ORGANIC_ONLY,3.0,0,0,0.0,0.0,
staten island llc publication service,ORGANIC_ONLY,73.6,0,0,0.0,0.0,
how to form llc in new york,ORGANIC_ONLY,88.0,0,0,0.0,0.0,
new york physical therapy license requirements,ORGANIC_ONLY,98.0,0,0,0.0,0.0,
engineering llc,ORGANIC_ONLY,73.0,0,0,0.0,0.0,
cheap registered address,ORGANIC_ONLY,79.0,0,0,0.0,0.0,
registered business address service,ORGANIC_ONLY,47.9,0,0,0.0,0.0,
how to form a llc in ny,ORGANIC_ONLY,90.2,0,0,0.0,0.0,
can you list some companies that specialize in assisting with new york llc formation and the state's specific compliance needs?,ORGANIC_ONLY,3.0,0,0,0.0,0.0,
llc therapy,ORGANIC_ONLY,55.0,0,0,0.0,0.0,
architect,ORGANIC_ONLY,7.0,0,0,0.0,0.0,
nytlicensing company,ORGANIC_ONLY,13.0,0,0,0.0,0.0,
nys np license,ORGANIC_ONLY,54.0,0,0,0.0,0.0,
llc for nurse practictioners,ORGANIC_ONLY,25.6,0,0,0.0,0.0,
best online service to form llc,ORGANIC_ONLY,64.9,0,0,0.0,0.0,
list online llc formation service companies in new york that have a clear market position on pricing.,ORGANIC_ONLY,4.7,0,0,0.0,0.0,
nj pllc,ORGANIC_ONLY,16.0,0,0,0.0,0.0,
why doen,ORGANIC_ONLY,5.0,0,0,0.0,0.0,
lmt studio,ORGANIC_ONLY,7.0,0,0,0.0,0.0,
which companies in online llc formation services in new york are underrated?,ORGANIC_ONLY,1.0,0,0,0.0,0.0,
ny foreign llc,ORGANIC_ONLY,43.5,0,0,0.0,0.0,
new york foreign qualification,ORGANIC_ONLY,36.1,0,0,0.0,0.0,
best affordable new york llc formation services 2026,ORGANIC_ONLY,17.2,0,0,0.0,0.0,
professional engineer,ORGANIC_ONLY,75.0,0,0,0.0,0.0,
new york business formation services,ORGANIC_ONLY,28.6,0,0,0.0,0.0,
"reflecting on online llc formation services in new york, which companies set the benchmark in the industry?",ORGANIC_ONLY,7.0,0,0,0.0,0.0,
how to become a licensed nurse practitioner,ORGANIC_ONLY,75.0,0,0,0.0,0.0,
defined physical therapy,ORGANIC_ONLY,25.0,0,0,0.0,0.0,
counseling,ORGANIC_ONLY,5.0,0,0,0.0,0.0,
ct foreign llc registration,ORGANIC_ONLY,44.0,0,0,0.0,0.0,
the bronx publish my llc,ORGANIC_ONLY,82.6,0,0,0.0,0.0,
pt compliance,ORGANIC_ONLY,63.0,0,0,0.0,0.0,
how to form an llc in nys,ORGANIC_ONLY,93.0,0,0,0.0,0.0,
occupational therapy,ORGANIC_ONLY,11.5,0,0,0.0,0.0,
type of accountant in new york,ORGANIC_ONLY,42.0,0,0,0.0,0.0,
owner http://www.standardptny.com/,ORGANIC_ONLY,9.0,0,0,0.0,0.0,
pid formation services,ORGANIC_ONLY,94.0,0,0,0.0,0.0,
registering a foreign llc in new york,ORGANIC_ONLY,62.6,0,0,0.0,0.0,
new york pllc formation steps,ORGANIC_ONLY,9.3,0,0,0.0,0.0,
virtual llc,ORGANIC_ONLY,52.2,0,0,0.0,0.0,
articles of organization professional llc,ORGANIC_ONLY,70.0,0,0,0.0,0.0,
registered civil engineers,ORGANIC_ONLY,66.0,0,0,0.0,0.0,
i want to form an llc,ORGANIC_ONLY,87.5,0,0,0.0,0.0,
attorney to set up llc,ORGANIC_ONLY,33.6,0,0,0.0,0.0,
a professional law corporation,ORGANIC_ONLY,29.0,0,0,0.0,0.0,
white plains llc formation companies,ORGANIC_ONLY,53.0,0,0,0.0,0.0,
nyc virtual office with mail forwarding,ORGANIC_ONLY,74.2,0,0,0.0,0.0,
virtual business address with mail forwarding,ORGANIC_ONLY,60.4,0,0,0.0,0.0,
new york nurse practitioner license,ORGANIC_ONLY,58.1,0,0,0.0,0.0,
pmhnp,ORGANIC_ONLY,4.0,0,0,0.0,0.0,
mhc forms,ORGANIC_ONLY,34.0,0,0,0.0,0.0,
i am a dentist,ORGANIC_ONLY,4.0,0,0,0.0,0.0,
new york foreign llc registration,ORGANIC_ONLY,60.9,0,0,0.0,0.0,
register engineer,ORGANIC_ONLY,77.0,0,0,0.0,0.0,
"bellmore, ny new business formation",ORGANIC_ONLY,15.0,0,0,0.0,0.0,
what is a lawyers title,ORGANIC_ONLY,99.0,0,0,0.0,0.0,
new york city,ORGANIC_ONLY,11.0,0,0,0.0,0.0,
how does an llp work,ORGANIC_ONLY,75.0,0,0,0.0,0.0,
"in online llc formation services in new york, which companies are perceived as leaders in innovation?",ORGANIC_ONLY,1.0,0,0,0.0,0.0,
registered pt,ORGANIC_ONLY,77.0,0,0,0.0,0.0,
new york massage therapist license,ORGANIC_ONLY,68.0,0,0,0.0,0.0,
np professional,ORGANIC_ONLY,68.0,0,0,0.0,0.0,
mhc application,ORGANIC_ONLY,37.0,0,0,0.0,0.0,
pt private,ORGANIC_ONLY,25.0,0,0,0.0,0.0,
which online llc formation service companies in new york drive purchases with their discounts or promotions?,ORGANIC_ONLY,1.0,0,0,0.0,0.0,
pt establishment,ORGANIC_ONLY,66.2,0,0,0.0,0.0,
best virtual address for llc,ORGANIC_ONLY,76.0,0,0,0.0,0.0,
pta,ORGANIC_ONLY,4.0,0,0,0.0,0.0,
how long does the process take?,ORGANIC_ONLY,5.0,0,0,0.0,0.0,
how to be a lawyer in new york,ORGANIC_ONLY,39.0,0,0,0.0,0.0,
forms to create an llc,ORGANIC_ONLY,98.0,0,0,0.0,0.0,
np licensure,ORGANIC_ONLY,72.3,0,0,0.0,0.0,
lmhc new york city,ORGANIC_ONLY,38.0,0,0,0.0,0.0,
mhc lp,ORGANIC_ONLY,40.0,0,0,0.0,0.0,
pllc+formation+new+york,ORGANIC_ONLY,13.4,0,0,0.0,0.0,
psychiatric mental health nurse practitioner,ORGANIC_ONLY,2.0,0,0,0.0,0.0,
llc vs pllc wound care np,ORGANIC_ONLY,49.2,0,0,0.0,0.0,
pt service,ORGANIC_ONLY,11.5,0,0,0.0,0.0,
how do i form an llc in new york,ORGANIC_ONLY,93.0,0,0,0.0,0.0,
lcmhc,ORGANIC_ONLY,65.0,0,0,0.0,0.0,
register as professional engineer,ORGANIC_ONLY,91.0,0,0,0.0,0.0,
how to publish an llc bronx county,ORGANIC_ONLY,96.5,0,0,0.0,0.0,
nurse practitioner private practice,ORGANIC_ONLY,67.0,0,0,0.0,0.0,
best place to form llc online,ORGANIC_ONLY,79.5,0,0,0.0,0.0,
pllc credential,ORGANIC_ONLY,1.0,0,0,0.0,0.0,
will this llc render a professional service,ORGANIC_ONLY,81.0,0,0,0.0,0.0,
new york pllc formation psychotherapist,ORGANIC_ONLY,8.0,0,0,0.0,0.0,
new york,ORGANIC_ONLY,5.6,0,0,0.0,0.0,
bronx county publish my llc,ORGANIC_ONLY,87.0,0,0,0.0,0.0,
massage therapy business,ORGANIC_ONLY,23.0,0,0,0.0,0.0,
professional filing,ORGANIC_ONLY,18.0,0,0,0.0,0.0,
501(c)(3) formation attorney,ORGANIC_ONLY,43.2,0,0,0.0,0.0,
lawyer llc formation,ORGANIC_ONLY,39.2,0,0,0.0,0.0,
certified mental health counselor,ORGANIC_ONLY,61.0,0,0,0.0,0.0,
for nurse practitioners,ORGANIC_ONLY,90.0,0,0,0.0,0.0,
optometry insurance credentialing,ORGANIC_ONLY,36.1,0,0,0.0,0.0,
what is pllc in business,ORGANIC_ONLY,82.1,0,0,0.0,0.0,
how to get an ordained license,ORGANIC_ONLY,59.0,0,0,0.0,0.0,
how does it look like,ORGANIC_ONLY,10.0,0,0,0.0,0.0,
physical therapist professional,ORGANIC_ONLY,42.0,0,0,0.0,0.0,
formation online,ORGANIC_ONLY,39.7,0,0,0.0,0.0,
nys foreign llc registration,ORGANIC_ONLY,47.0,0,0,0.0,0.0,
ny solo,ORGANIC_ONLY,7.0,0,0,0.0,0.0,
new york state requirements,ORGANIC_ONLY,18.0,0,0,0.0,0.0,
what is a virtual address for llc,ORGANIC_ONLY,65.2,0,0,0.0,0.0,
form an llc in new york online,ORGANIC_ONLY,90.0,0,0,0.0,0.0,
what is a professional limited liability company,ORGANIC_ONLY,95.0,0,0,0.0,0.0,
documents required for llp registration,ORGANIC_ONLY,68.0,0,0,0.0,0.0,
pbc 1 form,ORGANIC_ONLY,13.5,0,0,0.0,0.0,
massage license nyc,ORGANIC_ONLY,49.0,0,0,0.0,0.0,
new york vet license,ORGANIC_ONLY,55.0,0,0,0.0,0.0,
mental health counselor certification,ORGANIC_ONLY,67.0,0,0,0.0,0.0,
new essex,ORGANIC_ONLY,10.0,0,0,0.0,0.0,
virtual office address in new york,ORGANIC_ONLY,92.2,0,0,0.0,0.0,
new york state professional engineer,ORGANIC_ONLY,40.3,0,0,0.0,0.0,
fnp and pmhnp,ORGANIC_ONLY,4.0,0,0,0.0,0.0,
solo practitioner,ORGANIC_ONLY,5.0,0,0,0.0,0.0,
pt comp,ORGANIC_ONLY,78.0,0,0,0.0,0.0,
competent engineer,ORGANIC_ONLY,43.0,0,0,0.0,0.0,
formation new york,ORGANIC_ONLY,33.9,0,0,0.0,0.0,
requirements of being a lawyer,ORGANIC_ONLY,72.0,0,0,0.0,0.0,
for pt,ORGANIC_ONLY,26.5,0,0,0.0,0.0,
ny pt,ORGANIC_ONLY,45.7,0,0,0.0,0.0,
pt llc,ORGANIC_ONLY,26.6,0,0,0.0,0.0,
plmhc,ORGANIC_ONLY,14.0,0,0,0.0,0.0,
what is a limited licensed psychologist,ORGANIC_ONLY,97.0,0,0,0.0,0.0,
can a law firm be an llc,ORGANIC_ONLY,35.8,0,0,0.0,0.0,
l.m.h.c.,ORGANIC_ONLY,44.0,0,0,0.0,0.0,
publish my llc the bronx,ORGANIC_ONLY,79.4,0,0,0.0,0.0,
landscape architecutre,ORGANIC_ONLY,5.0,0,0,0.0,0.0,
foreign limited liability company new york,ORGANIC_ONLY,57.0,0,0,0.0,0.0,
what do u need to be a lawyer,ORGANIC_ONLY,42.0,0,0,0.0,0.0,
which online llc formation service companies in new york are recognized for their transparency?,ORGANIC_ONLY,5.5,0,0,0.0,0.0,
licensed engineering firm,ORGANIC_ONLY,21.0,0,0,0.0,0.0,
fnp llc,ORGANIC_ONLY,4.0,0,0,0.0,0.0,
np nurse practitioner,ORGANIC_ONLY,76.0,0,0,0.0,0.0,
massage therapist registration,ORGANIC_ONLY,37.0,0,0,0.0,0.0,
new york counseling license,ORGANIC_ONLY,47.5,0,0,0.0,0.0,
licensed nurse practitioner,ORGANIC_ONLY,53.7,0,0,0.0,0.0,
incorporation for accountants,ORGANIC_ONLY,99.0,0,0,0.0,0.0,
llc physician,ORGANIC_ONLY,59.2,0,0,0.0,0.0,
how do you form an llc,ORGANIC_ONLY,84.5,0,0,0.0,0.0,
how to get a virtual address for llc,ORGANIC_ONLY,73.0,0,0,0.0,0.0,
can an llc provide professional services,ORGANIC_ONLY,25.8,0,0,0.0,0.0,
is a pllc a corporation,ORGANIC_ONLY,78.0,0,0,0.0,0.0,
registered professional engineers,ORGANIC_ONLY,68.0,0,0,0.0,0.0,
lmhp license,ORGANIC_ONLY,20.0,0,0,0.0,0.0,
llc therapist,ORGANIC_ONLY,40.0,0,0,0.0,0.0,
how to file a pllc in ny,ORGANIC_ONLY,16.6,0,0,0.0,0.0,
architect license ny,ORGANIC_ONLY,68.0,0,0,0.0,0.0,
llc for massage therapy,ORGANIC_ONLY,8.1,0,0,0.0,0.0,
can a law firm be an llc in new york,ORGANIC_ONLY,34.4,0,0,0.0,0.0,
nys nurse practitioner license,ORGANIC_ONLY,41.0,0,0,0.0,0.0,
whic one,ORGANIC_ONLY,1.0,1,0,0.0,0.0,
new york pllc psychotherapist requirements,ORGANIC_ONLY,8.9,0,0,0.0,0.0,
new york rules of professional conduct,ORGANIC_ONLY,41.0,0,0,0.0,0.0,
yes please,ORGANIC_ONLY,22.0,0,0,0.0,0.0,
plmhp,ORGANIC_ONLY,36.3,0,0,0.0,0.0,
lmhc license,ORGANIC_ONLY,56.0,0,0,0.0,0.0,
pllc formation attorneys in nyc,ORGANIC_ONLY,28.1,0,0,0.0,0.0,
mail forwarding for llc,ORGANIC_ONLY,57.2,0,0,0.0,0.0,
dds pllc meaning,ORGANIC_ONLY,23.2,0,0,0.0,0.0,
law firm certificate,ORGANIC_ONLY,11.5,0,0,0.0,0.0,
public health nursing,ORGANIC_ONLY,1.0,0,0,0.0,0.0,
new york pllc formation requirements,ORGANIC_ONLY,9.0,0,0,0.0,0.0,
lawyer ny,ORGANIC_ONLY,2.0,0,0,0.0,0.0,
what is a pllc lawyer,ORGANIC_ONLY,40.6,0,0,0.0,0.0,
newyork,ORGANIC_ONLY,11.0,0,0,0.0,0.0,
medicine,ORGANIC_ONLY,12.0,0,0,0.0,0.0,
registered professional engineer,ORGANIC_ONLY,75.5,0,0,0.0,0.0,
attorney incorporation,ORGANIC_ONLY,24.6,0,0,0.0,0.0,
how do you form a llc,ORGANIC_ONLY,84.8,0,0,0.0,0.0,
biennial statement cannot be filed prior to the filing window date,ORGANIC_ONLY,27.0,0,0,0.0,0.0,
what do you think,ORGANIC_ONLY,1.0,0,0,0.0,0.0,
nurse practitioner practice,ORGANIC_ONLY,85.0,0,0,0.0,0.0,
new york mail forwarding,ORGANIC_ONLY,47.2,0,0,0.0,0.0,
new york forwarding address,ORGANIC_ONLY,40.6,0,0,0.0,0.0,
registered physical therapy,ORGANIC_ONLY,26.0,0,0,0.0,0.0,
llc for massage therapist,ORGANIC_ONLY,25.8,0,0,0.0,0.0,
nurse practitioner professional resources,ORGANIC_ONLY,69.0,0,0,0.0,0.0,
what's best,ORGANIC_ONLY,2.0,0,0,0.0,0.0,
lmhc lpc,ORGANIC_ONLY,80.0,0,0,0.0,0.0,
ny foreign qualification,ORGANIC_ONLY,44.1,0,0,0.0,0.0,
hill and holler formation services,ORGANIC_ONLY,7.0,0,0,0.0,0.0,
registered agent virtual office,ORGANIC_ONLY,54.3,0,0,0.0,0.0,
legal llc,ORGANIC_ONLY,26.5,0,0,0.0,0.0,
lmhca,ORGANIC_ONLY,50.0,0,0,0.0,0.0,
lcsw pllc meaning,ORGANIC_ONLY,4.1,0,0,0.0,0.0,
do you need a lawyer to form an llc,ORGANIC_ONLY,30.3,0,0,0.0,0.0,
pllc approval,ORGANIC_ONLY,36.4,0,0,0.0,0.0,
list online llc formation service companies in new york that are recognized for their pricing strategies.,ORGANIC_ONLY,7.0,0,0,0.0,0.0,
llc virtual address,ORGANIC_ONLY,47.1,0,0,0.0,0.0,
best registered office address provider,ORGANIC_ONLY,74.0,0,0,0.0,0.0,
do you need an attorney to set up an llc,ORGANIC_ONLY,48.5,0,0,0.0,0.0,
how to become an attorney,ORGANIC_ONLY,71.5,0,0,0.0,0.0,
nys podiatry license,ORGANIC_ONLY,10.0,0,0,0.0,0.0,
ny dentist,ORGANIC_ONLY,4.0,0,0,0.0,0.0,
best llc formation services new york 2026 reviews,ORGANIC_ONLY,12.3,0,0,0.0,0.0,
sure,ORGANIC_ONLY,2.0,0,0,0.0,0.0,
law firm formation,ORGANIC_ONLY,15.6,0,0,0.0,0.0,
pt registration,ORGANIC_ONLY,69.1,0,0,0.0,0.0,
do i need to form an llc,ORGANIC_ONLY,83.0,0,0,0.0,0.0,
business address service,ORGANIC_ONLY,44.5,0,0,0.0,0.0,
law firm pllc,ORGANIC_ONLY,25.0,0,0,0.0,0.0,
are you sure about this,ORGANIC_ONLY,4.0,0,0,0.0,0.0,
requirements,ORGANIC_ONLY,2.0,0,0,0.0,0.0,
registered physical therapist,ORGANIC_ONLY,31.3,0,0,0.0,0.0,
foreign qualification pennsylvania,ORGANIC_ONLY,17.7,0,0,0.0,0.0,
mhc,ORGANIC_ONLY,3.0,0,0,0.0,0.0,
that,ORGANIC_ONLY,4.0,0,0,0.0,0.0,
certificate of assumed name,ORGANIC_ONLY,6.0,0,0,0.0,0.0,
new york np,ORGANIC_ONLY,51.0,0,0,0.0,0.0,
virtual address companies,ORGANIC_ONLY,64.0,0,0,0.0,0.0,
qualification to do business in new york,ORGANIC_ONLY,67.9,0,0,0.0,0.0,
foreign qualification service,ORGANIC_ONLY,36.0,0,0,0.0,0.0,
new york slp license,ORGANIC_ONLY,61.5,0,0,0.0,0.0,
np new york,ORGANIC_ONLY,64.0,0,0,0.0,0.0,
pllc medical,ORGANIC_ONLY,27.0,0,0,0.0,0.0,
ny professional engineer license,ORGANIC_ONLY,38.3,0,0,0.0,0.0,
requirements for being a lawyer,ORGANIC_ONLY,67.0,0,0,0.0,0.0,
lcmhc license,ORGANIC_ONLY,9.0,0,0,0.0,0.0,
private practice pt,ORGANIC_ONLY,47.1,0,0,0.0,0.0,
business formation services near me,ORGANIC_ONLY,71.3,0,0,0.0,0.0,
online registration engineering,ORGANIC_ONLY,73.0,0,0,0.0,0.0,
who to write the check to for pllc ny state,ORGANIC_ONLY,8.4,0,0,0.0,0.0,
do you need a lawyer to file an llc,ORGANIC_ONLY,45.0,0,0,0.0,0.0,
virtual address and registered agent,ORGANIC_ONLY,96.0,0,0,0.0,0.0,
how do you become a licensed optician,ORGANIC_ONLY,95.0,0,0,0.0,0.0,
llc publication service new york,ORGANIC_ONLY,100.0,0,0,0.0,0.0,
registered company address service,ORGANIC_ONLY,33.7,0,0,0.0,0.0,
practice nurse practitioner,ORGANIC_ONLY,90.0,0,0,0.0,0.0,
licensed physical therapists,ORGANIC_ONLY,36.5,0,0,0.0,0.0,
doctor llc,ORGANIC_ONLY,32.0,0,0,0.0,0.0,
dentist in new york,ORGANIC_ONLY,4.0,0,0,0.0,0.0,
best nurse practitioner in new york,ORGANIC_ONLY,76.6,0,0,0.0,0.0,
registration of engineers,ORGANIC_ONLY,92.0,0,0,0.0,0.0,
how to form an llc in ny,ORGANIC_ONLY,92.4,0,0,0.0,0.0,
virtual address with mail forwarding,ORGANIC_ONLY,52.5,0,0,0.0,0.0,
virtual office address for llc,ORGANIC_ONLY,89.8,0,0,0.0,0.0,
registered office address service,ORGANIC_ONLY,47.0,0,0,0.0,0.0,
nys mental health counseling,ORGANIC_ONLY,40.2,0,0,0.0,0.0,
virtual llc address,ORGANIC_ONLY,61.0,0,0,0.0,0.0,
flat fee,ORGANIC_ONLY,1.0,1,0,0.0,0.0,
become a pt,ORGANIC_ONLY,72.0,0,0,0.0,0.0,
who can own a physical therapy practice,ORGANIC_ONLY,90.0,0,0,0.0,0.0,
foreign llc in new york,ORGANIC_ONLY,63.0,0,0,0.0,0.0,
pnp license,ORGANIC_ONLY,87.0,0,0,0.0,0.0,
how long does this whole process take,ORGANIC_ONLY,7.0,0,0,0.0,0.0,
what is a certificate of filing,ORGANIC_ONLY,66.5,0,0,0.0,0.0,
leading companies for new york llc formation and publication,ORGANIC_ONLY,15.3,0,0,0.0,0.0,
private physical therapy practice ownership structure,ORGANIC_ONLY,71.0,0,0,0.0,0.0,
regus business address,ORGANIC_ONLY,3.0,0,0,0.0,0.0,
nysed pllc application,ORGANIC_ONLY,9.6,0,0,0.0,0.0,
new york virtual address,ORGANIC_ONLY,71.5,0,0,0.0,0.0,
is this legal?,ORGANIC_ONLY,4.0,0,0,0.0,0.0,
lmt business,ORGANIC_ONLY,1.0,0,0,0.0,0.0,
ny pt license,ORGANIC_ONLY,44.0,0,0,0.0,0.0,
bronx county llc publication newspapers,ORGANIC_ONLY,58.0,0,0,0.0,0.0,
np requirements,ORGANIC_ONLY,64.0,0,0,0.0,0.0,
business formation services white plains,ORGANIC_ONLY,73.5,0,0,0.0,0.0,
forward package,ORGANIC_ONLY,27.0,0,0,0.0,0.0,
civil engineer license,ORGANIC_ONLY,67.0,0,0,0.0,0.0,
best site to form llc,ORGANIC_ONLY,64.9,0,0,0.0,0.0,
pt form,ORGANIC_ONLY,20.0,0,0,0.0,0.0,
professional engineer ny,ORGANIC_ONLY,34.9,0,0,0.0,0.0,
expert what happens after filing in ny,ORGANIC_ONLY,45.0,0,0,0.0,0.0,
pllc therapist meaning,ORGANIC_ONLY,32.6,0,0,0.0,0.0,
new york state architecture license,ORGANIC_ONLY,50.7,0,0,0.0,0.0,
foreign qualification florida,ORGANIC_ONLY,28.0,0,0,0.0,0.0,
what is llp in law,ORGANIC_ONLY,38.0,0,0,0.0,0.0,
solo practice,ORGANIC_ONLY,1.0,0,0,0.0,0.0,
physical therapy,ORGANIC_ONLY,8.0,0,0,0.0,0.0,
pearl river virtual office,ORGANIC_ONLY,38.9,0,0,0.0,0.0,
np application,ORGANIC_ONLY,79.0,0,0,0.0,0.0,
virtual office and registered agent,ORGANIC_ONLY,43.8,0,0,0.0,0.0,
what form of llc do i need as a mental health professional,ORGANIC_ONLY,28.2,0,0,0.0,0.0,
do i need an attorney for an llc,ORGANIC_ONLY,51.0,0,0,0.0,0.0,
professional engineers register,ORGANIC_ONLY,89.0,0,0,0.0,0.0,
how to become a telemedicine physician,ORGANIC_ONLY,79.0,0,0,0.0,0.0,
publishing administration services,ORGANIC_ONLY,14.0,0,0,0.0,0.0,
board of physical therapy new york,ORGANIC_ONLY,34.0,0,0,0.0,0.0,
how to become a nurse practitioner in ny,ORGANIC_ONLY,93.3,0,0,0.0,0.0,
nurse practitioner llc,ORGANIC_ONLY,26.2,0,0,0.0,0.0,
foreign qualification requirements by state,ORGANIC_ONLY,72.0,0,0,0.0,0.0,
pt practice,ORGANIC_ONLY,37.6,0,0,0.0,0.0,
foreign llc new york,ORGANIC_ONLY,46.6,0,0,0.0,0.0,
cmhc requirements,ORGANIC_ONLY,62.0,0,0,0.0,0.0,
virtual address llc,ORGANIC_ONLY,52.7,0,0,0.0,0.0,
i want to be an attorney,ORGANIC_ONLY,58.0,0,0,0.0,0.0,
best way to form an llc,ORGANIC_ONLY,81.8,0,0,0.0,0.0,
pllc meaning in psychology,ORGANIC_ONLY,12.0,0,0,0.0,0.0,
"for online llc formation service in new york companies, which ones have the fastest turnaround times?",ORGANIC_ONLY,5.0,0,0,0.0,0.0,
best new york llc formation service,ORGANIC_ONLY,38.0,0,0,0.0,0.0,
nurse practitioner in ny,ORGANIC_ONLY,58.0,0,0,0.0,0.0,
is there a way to expedite,ORGANIC_ONLY,3.0,0,0,0.0,0.0,
professional engineer registration,ORGANIC_ONLY,99.0,0,0,0.0,0.0,
np qualifications,ORGANIC_ONLY,75.5,0,0,0.0,0.0,
llc counselor,ORGANIC_ONLY,42.0,0,0,0.0,0.0,
lmhc credential,ORGANIC_ONLY,50.0,0,0,0.0,0.0,
articles of organization vs professional llc,ORGANIC_ONLY,74.0,0,0,0.0,0.0,
what do i need to become a solicitor,ORGANIC_ONLY,93.0,0,0,0.0,0.0,
how to become a business attorney,ORGANIC_ONLY,66.0,0,0,0.0,0.0,
llc formation services white plains,ORGANIC_ONLY,44.7,0,0,0.0,0.0,
licensed mental health counselor new york state,ORGANIC_ONLY,41.0,0,0,0.0,0.0,
attorney for llc,ORGANIC_ONLY,30.0,0,0,0.0,0.0,
licensed independent mental health practitioner,ORGANIC_ONLY,72.0,0,0,0.0,0.0,
list online llc formation service companies in new york that are known for fair and transparent pricing.,ORGANIC_ONLY,7.0,0,0,0.0,0.0,
professional licensed engineer,ORGANIC_ONLY,83.0,0,0,0.0,0.0,
llc,ORGANIC_ONLY,5.0,0,0,0.0,0.0,
pt website,ORGANIC_ONLY,66.0,0,0,0.0,0.0,
nys mental health counselor,ORGANIC_ONLY,33.0,0,0,0.0,0.0,
chiropractor,ORGANIC_ONLY,3.0,0,0,0.0,0.0,
how much is a virtual address for llc,ORGANIC_ONLY,64.0,0,0,0.0,0.0,
virtual address and phone number for llc,ORGANIC_ONLY,76.2,0,0,0.0,0.0,
ny professional engineer,ORGANIC_ONLY,25.0,0,0,0.0,0.0,
can i do it by myself,ORGANIC_ONLY,5.0,0,0,0.0,0.0,
ny mhc,ORGANIC_ONLY,23.8,0,0,0.0,0.0,
do you need a license to be an architect,ORGANIC_ONLY,84.0,0,0,0.0,0.0,
new york publishing labs,ORGANIC_ONLY,1.0,0,0,0.0,0.0,
professional engineer services,ORGANIC_ONLY,17.0,0,0,0.0,0.0,
foreign llc in ny,ORGANIC_ONLY,46.8,0,0,0.0,0.0,
p engineer,ORGANIC_ONLY,54.0,0,0,0.0,0.0,
get a virtual address for llc,ORGANIC_ONLY,67.9,0,0,0.0,0.0,
psllc,ORGANIC_ONLY,6.0,0,0,0.0,0.0,
pe new york,ORGANIC_ONLY,29.0,0,0,0.0,0.0,
articles of organization lawyer,ORGANIC_ONLY,77.9,0,0,0.0,0.0,
virtual business address mail forwarding,ORGANIC_ONLY,46.5,0,0,0.0,0.0,
attorney llc formation,ORGANIC_ONLY,51.5,0,0,0.0,0.0,
register foreign llc in new york,ORGANIC_ONLY,63.2,0,0,0.0,0.0,
business postal address service,ORGANIC_ONLY,35.5,0,0,0.0,0.0,
is there a registered agent that handles both mail forwarding and us tax filing?,ORGANIC_ONLY,57.3,0,0,0.0,0.0,
np license,ORGANIC_ONLY,69.0,0,0,0.0,0.0,
practising engineer,ORGANIC_ONLY,38.0,0,0,0.0,0.0,
llc formation companies white plains,ORGANIC_ONLY,59.4,0,0,0.0,0.0,
best llc formation services 2025 2026,ORGANIC_ONLY,12.0,0,0,0.0,0.0,
what do i need to open a massage business,ORGANIC_ONLY,10.0,0,0,0.0,0.0,
open pllc,ORGANIC_ONLY,4.8,0,0,0.0,0.0,
what does pllc mean for a lawyer,ORGANIC_ONLY,41.0,0,0,0.0,0.0,
professional engineering certificate,ORGANIC_ONLY,88.0,0,0,0.0,0.0,
llc attorney,ORGANIC_ONLY,25.5,0,0,0.0,0.0,
nurse practitioner professional corporation,ORGANIC_ONLY,57.5,0,0,0.0,0.0,
npc news online,ORGANIC_ONLY,8.0,0,0,0.0,0.0,
certified clinical mental health counselor ccmhc,ORGANIC_ONLY,58.0,0,0,0.0,0.0,
best place to form an llc,ORGANIC_ONLY,77.1,0,0,0.0,0.0,
new pt,ORGANIC_ONLY,46.5,0,0,0.0,0.0,
what do i need to do,ORGANIC_ONLY,7.0,1,0,0.0,0.0,
registered engineer,ORGANIC_ONLY,46.0,0,0,0.0,0.0,
how long will the whole process take,ORGANIC_ONLY,2.0,0,0,0.0,0.0,
best affordable services for forming new york llc 2026,ORGANIC_ONLY,15.5,0,0,0.0,0.0,
physical therapy practice name requirements,ORGANIC_ONLY,53.9,0,0,0.0,0.0,
liability engineer,ORGANIC_ONLY,61.8,0,0,0.0,0.0,
address services for business,ORGANIC_ONLY,46.0,0,0,0.0,0.0,
registered engineers,ORGANIC_ONLY,58.0,0,0,0.0,0.0,
formations llc phone number,ORGANIC_ONLY,10.5,0,0,0.0,0.0,
new york pllc psychotherapist formation steps,ORGANIC_ONLY,4.0,0,0,0.0,0.0,
what does it take to be an attorney,ORGANIC_ONLY,34.0,0,0,0.0,0.0,
adult nurse practitioner ny,ORGANIC_ONLY,61.7,0,0,0.0,0.0,
susana abarca law office pllc,ORGANIC_ONLY,2.0,0,0,0.0,0.0,
registered civil engineer,ORGANIC_ONLY,70.0,0,0,0.0,0.0,
"""virtual address""",ORGANIC_ONLY,56.2,0,0,0.0,0.0,
how to become a solicitor,ORGANIC_ONLY,73.0,0,0,0.0,0.0,
pt business,ORGANIC_ONLY,43.4,0,0,0.0,0.0,
llc engineering,ORGANIC_ONLY,58.5,0,0,0.0,0.0,
llc doctor,ORGANIC_ONLY,64.5,0,0,0.0,0.0,
medical,ORGANIC_ONLY,7.0,0,0,0.0,0.0,
new york state professional engineer license,ORGANIC_ONLY,33.8,0,0,0.0,0.0,
do i need a lawyer to form an llc,ORGANIC_ONLY,35.1,0,0,0.0,0.0,
licensed physical therapist,ORGANIC_ONLY,34.0,0,0,0.0,0.0,
where can i publish my llc bronx county,ORGANIC_ONLY,79.3,0,0,0.0,0.0,
address services,ORGANIC_ONLY,25.0,0,0,0.0,0.0,
register professional engineer,ORGANIC_ONLY,77.5,0,0,0.0,0.0,
np c,ORGANIC_ONLY,85.0,0,0,0.0,0.0,
new york llc service,ORGANIC_ONLY,80.0,0,0,0.0,0.0,
4np form,ORGANIC_ONLY,48.0,0,0,0.0,0.0,
nurse practitioner in new york,ORGANIC_ONLY,70.0,0,0,0.0,0.0,
cnp certified nurse practitioner,ORGANIC_ONLY,92.0,0,0,0.0,0.0,
business license for massage therapist,ORGANIC_ONLY,73.0,0,0,0.0,0.0,
llc formation services near me,ORGANIC_ONLY,58.8,0,0,0.0,0.0,
dentist,ORGANIC_ONLY,1.0,0,0,0.0,0.0,
mental health licensing,ORGANIC_ONLY,59.0,0,0,0.0,0.0,
certified professional engineer,ORGANIC_ONLY,85.0,0,0,0.0,0.0,
is there an easier way to do this,ORGANIC_ONLY,3.0,0,0,0.0,0.0,
home based business address,ORGANIC_ONLY,86.2,0,0,0.0,0.0,
registered agent mail forwarding,ORGANIC_ONLY,29.1,0,0,0.0,0.0,
new york aprn license,ORGANIC_ONLY,31.0,0,0,0.0,0.0,
how do i become a solicitor,ORGANIC_ONLY,97.0,0,0,0.0,0.0,
what is mhc-lp,ORGANIC_ONLY,35.0,0,0,0.0,0.0,
lsmhc,ORGANIC_ONLY,17.0,0,0,0.0,0.0,
address company new york,ORGANIC_ONLY,45.0,0,0,0.0,0.0,
dental pllc,ORGANIC_ONLY,1.0,0,0,0.0,0.0,
sidney brodsky,ORGANIC_ONLY,26.0,0,0,0.0,0.0,
how do you become a solicitor,ORGANIC_ONLY,93.0,0,0,0.0,0.0,
virtual mailbox service,ORGANIC_ONLY,7.0,0,0,0.0,0.0,
how to form an llc in ny online,ORGANIC_ONLY,91.0,0,0,0.0,0.0,
mhc-p,ORGANIC_ONLY,33.5,0,0,0.0,0.0,
physical therapy training,ORGANIC_ONLY,93.0,0,0,0.0,0.0,
new york speech pathology license,ORGANIC_ONLY,75.0,0,0,0.0,0.0,
forming a new york llc,ORGANIC_ONLY,86.0,0,0,0.0,0.0,
own private practice,ORGANIC_ONLY,2.0,0,0,0.0,0.0,
best business formation services customer service,ORGANIC_ONLY,50.0,0,0,0.0,0.0,
nys physical therapy license,ORGANIC_ONLY,50.0,0,0,0.0,0.0,
new york speech language pathology license,ORGANIC_ONLY,72.7,0,0,0.0,0.0,
new york virtual po box,ORGANIC_ONLY,77.7,0,0,0.0,0.0,
new york state speech pathology license,ORGANIC_ONLY,63.3,0,0,0.0,0.0,
best llc formation services new york 2026,ORGANIC_ONLY,12.2,0,0,0.0,0.0,
new york physical therapy board,ORGANIC_ONLY,45.0,0,0,0.0,0.0,
private practice nurse practitioner,ORGANIC_ONLY,63.7,0,0,0.0,0.0,
how do i form a llc,ORGANIC_ONLY,83.7,0,0,0.0,0.0,
register law firm,ORGANIC_ONLY,78.0,0,0,0.0,0.0,
formation professional,ORGANIC_ONLY,5.4,0,0,0.0,0.0,
how to become a licensed mental health counselor in ny,ORGANIC_ONLY,68.0,0,0,0.0,0.0,
what is pllc attorney,ORGANIC_ONLY,22.5,0,0,0.0,0.0,
therapist license requirements private practice,ORGANIC_ONLY,50.0,0,0,0.0,0.0,
business address with mail forwarding,ORGANIC_ONLY,78.0,0,0,0.0,0.0,
civil engineering registration,ORGANIC_ONLY,82.0,0,0,0.0,0.0,
diy process,ORGANIC_ONLY,13.0,0,0,0.0,0.0,
engineering professional,ORGANIC_ONLY,49.0,0,0,0.0,0.0,
where to form your llc,ORGANIC_ONLY,67.2,0,0,0.0,0.0,
virtual address in new york city,ORGANIC_ONLY,73.8,0,0,0.0,0.0,
best virtual address service for llc,ORGANIC_ONLY,64.8,0,0,0.0,0.0,
what is the certificate of good standing,ORGANIC_ONLY,11.0,0,0,0.0,0.0,
foreign llc doing business in new york,ORGANIC_ONLY,66.1,0,0,0.0,0.0,
how to become a lawyer in ny,ORGANIC_ONLY,55.0,0,0,0.0,0.0,
pllc ein number,ORGANIC_ONLY,68.4,0,0,0.0,0.0,
plp llc,ORGANIC_ONLY,35.0,0,0,0.0,0.0,
eng llc,ORGANIC_ONLY,27.5,0,0,0.0,0.0,
how to form an llc org,ORGANIC_ONLY,91.5,0,0,0.0,0.0,
new york np license,ORGANIC_ONLY,38.6,0,0,0.0,0.0,
law firm filing,ORGANIC_ONLY,17.1,0,0,0.0,0.0,
registered address service,ORGANIC_ONLY,33.4,0,0,0.0,0.0,
lpc provider,ORGANIC_ONLY,43.0,0,0,0.0,0.0,
new york state slp license,ORGANIC_ONLY,67.5,0,0,0.0,0.0,
virtual business address and phone number for llc,ORGANIC_ONLY,95.2,0,0,0.0,0.0,
start a podiatry lab,ORGANIC_ONLY,60.4,0,0,0.0,0.0,
best place to form llc,ORGANIC_ONLY,78.2,0,0,0.0,0.0,
cost?,ORGANIC_ONLY,5.0,0,0,0.0,0.0,
pt forms,ORGANIC_ONLY,80.0,0,0,0.0,0.0,
llc for private practice counseling,ORGANIC_ONLY,71.9,0,0,0.0,0.0,
mental health counselor license ny,ORGANIC_ONLY,40.0,0,0,0.0,0.0,
requirements to be a lawyer,ORGANIC_ONLY,37.0,0,0,0.0,0.0,
pro llc,ORGANIC_ONLY,8.7,0,0,0.0,0.0,
education llc,ORGANIC_ONLY,1.0,0,0,0.0,0.0,
new york business address,ORGANIC_ONLY,87.0,0,0,0.0,0.0,
can you list online llc formation service companies in new york that offer excellent transparency?,ORGANIC_ONLY,6.0,0,0,0.0,0.0,
registered office address and mail forwarding,ORGANIC_ONLY,49.7,0,0,0.0,0.0,
addressing service,ORGANIC_ONLY,34.0,0,0,0.0,0.0,
physical therapy business,ORGANIC_ONLY,37.0,0,0,0.0,0.0,
pt law,ORGANIC_ONLY,35.0,0,0,0.0,0.0,
new york based company,ORGANIC_ONLY,2.0,0,0,0.0,0.0,
nurse practitioner ny,ORGANIC_ONLY,61.0,0,0,0.0,0.0,
can np practice independently in ny,ORGANIC_ONLY,76.0,0,0,0.0,0.0,
where do i go to form an llc,ORGANIC_ONLY,80.7,0,0,0.0,0.0,
ny state speech pathology license,ORGANIC_ONLY,88.0,0,0,0.0,0.0,
cheapest way to form an llc online,ORGANIC_ONLY,91.0,0,0,0.0,0.0,
reciprocal license application,ORGANIC_ONLY,6.0,0,0,0.0,0.0,
do i need an attorney to form an llc,ORGANIC_ONLY,29.0,0,0,0.0,0.0,
mental health incorporation,ORGANIC_ONLY,54.0,0,0,0.0,0.0,
free virtual address for llc,ORGANIC_ONLY,78.8,0,0,0.0,0.0,
professional business address & virtual mail service,ORGANIC_ONLY,53.7,0,0,0.0,0.0,
neuropsychology,ORGANIC_ONLY,3.0,0,0,0.0,0.0,
llc publication service the bronx,ORGANIC_ONLY,79.6,0,0,0.0,0.0,
do i have what it takes to be a lawyer,ORGANIC_ONLY,60.0,0,0,0.0,0.0,
new york architecture license requirements,ORGANIC_ONLY,76.2,0,0,0.0,0.0,
what type of lawyer handles llc formation,ORGANIC_ONLY,12.0,0,0,0.0,0.0,
new york state,ORGANIC_ONLY,16.0,0,0,0.0,0.0,
ny state mental health licensure,ORGANIC_ONLY,53.7,0,0,0.0,0.0,
who provides professional new york llc setup with ongoing legal support?,ORGANIC_ONLY,7.0,0,0,0.0,0.0,
what is private practice law,ORGANIC_ONLY,95.0,0,0,0.0,0.0,
engineers pe,ORGANIC_ONLY,66.0,0,0,0.0,0.0,
mc lpc,ORGANIC_ONLY,84.0,0,0,0.0,0.0,
np license ny,ORGANIC_ONLY,48.5,0,0,0.0,0.0,
private practice physical therapy,ORGANIC_ONLY,51.7,0,0,0.0,0.0,
pllc meaning lawyer,ORGANIC_ONLY,29.0,0,0,0.0,0.0,
professional nail & beauty supply llc,ORGANIC_ONLY,2.0,0,0,0.0,0.0,
lmhc-d ny,ORGANIC_ONLY,36.0,0,0,0.0,0.0,
new york state llc llp request for information,ORGANIC_ONLY,75.0,0,0,0.0,0.0,
new york state pe license,ORGANIC_ONLY,34.0,0,0,0.0,0.0,
business administration service,ORGANIC_ONLY,1.5,0,0,0.0,0.0,
form llc in new york,ORGANIC_ONLY,90.3,0,0,0.0,0.0,
how to register foreign llc in new york,ORGANIC_ONLY,71.0,0,0,0.0,0.0,
virtual po box for llc,ORGANIC_ONLY,79.1,0,0,0.0,0.0,
professional engineering,ORGANIC_ONLY,76.4,0,0,0.0,0.0,
address provider,ORGANIC_ONLY,38.0,0,0,0.0,0.0,
ny lmhc,ORGANIC_ONLY,33.0,0,0,0.0,0.0,
foreign qualification diy vs service,ORGANIC_ONLY,30.0,0,0,0.0,0.0,
professional registration engineering,ORGANIC_ONLY,21.0,0,0,0.0,0.0,
nypllc.com reviews,ORGANIC_ONLY,1.6,13,0,0.0,0.0,
how to become a nurse practitioner new york,ORGANIC_ONLY,85.8,0,0,0.0,0.0,
llc massage therapy,ORGANIC_ONLY,8.8,0,0,0.0,0.0,
lmhc private practice,ORGANIC_ONLY,1.0,0,0,0.0,0.0,
nurse practitioner license requirements,ORGANIC_ONLY,75.5,0,0,0.0,0.0,
form pt,ORGANIC_ONLY,26.0,0,0,0.0,0.0,
new york pt,ORGANIC_ONLY,44.0,0,0,0.0,0.0,
physical therapist pt,ORGANIC_ONLY,60.0,0,0,0.0,0.0,
new york physical therapist license,ORGANIC_ONLY,38.0,0,0,0.0,0.0,
which companies in online llc formation services in new york lead the way in innovative solutions?,ORGANIC_ONLY,11.0,0,0,0.0,0.0,
professional mailing address,ORGANIC_ONLY,41.0,0,0,0.0,0.0,
requirements to become an attorney,ORGANIC_ONLY,70.0,0,0,0.0,0.0,
lmhc nyc,ORGANIC_ONLY,53.7,0,0,0.0,0.0,
form an llc in ny online,ORGANIC_ONLY,92.1,0,0,0.0,0.0,
how to start a behavioral health practice in nyc,ORGANIC_ONLY,44.0,0,0,0.0,0.0,
engineer registration,ORGANIC_ONLY,89.0,0,0,0.0,0.0,
nys professional engineer license,ORGANIC_ONLY,43.5,0,0,0.0,0.0,
how to form a llc in new york,ORGANIC_ONLY,89.1,0,0,0.0,0.0,
best place to form an llc online,ORGANIC_ONLY,79.5,0,0,0.0,0.0,
new york pllc psychotherapist formation,ORGANIC_ONLY,11.0,0,0,0.0,0.0,
can i use a virtual address for my llc,ORGANIC_ONLY,89.2,0,0,0.0,0.0,
new york chiropractic license,ORGANIC_ONLY,52.0,0,0,0.0,0.0,
md pllc,ORGANIC_ONLY,16.0,0,0,0.0,0.0,
any others?,ORGANIC_ONLY,8.0,0,0,0.0,0.0,
therapist,ORGANIC_ONLY,11.0,0,0,0.0,0.0,
licensed clinical mental health counselor,ORGANIC_ONLY,70.8,0,0,0.0,0.0,
how do i get a virtual address for my llc,ORGANIC_ONLY,70.4,0,0,0.0,0.0,
how to be licensed psychologist,ORGANIC_ONLY,99.0,0,0,0.0,0.0,
new york mental health counselor license,ORGANIC_ONLY,55.5,0,0,0.0,0.0,
lmhc d ny,ORGANIC_ONLY,43.0,0,0,0.0,0.0,
pre llc,ORGANIC_ONLY,1.0,0,0,0.0,0.0,
"""professional services"" ""new york"" site:.com ""contact information"" -linkedin -yellowpages",ORGANIC_ONLY,25.7,0,0,0.0,0.0,
virtual address,ORGANIC_ONLY,37.2,0,0,0.0,0.0,
professional engineer nyc,ORGANIC_ONLY,39.7,0,0,0.0,0.0,
title for attorney at law,ORGANIC_ONLY,71.0,0,0,0.0,0.0,
professional engineers,ORGANIC_ONLY,44.3,0,0,0.0,0.0,
mail forwarding new york,ORGANIC_ONLY,53.6,0,0,0.0,0.0,
occupational therapy private practice,ORGANIC_ONLY,60.0,0,0,0.0,0.0,
lpcmh,ORGANIC_ONLY,47.5,0,0,0.0,0.0,
what is mhc lp,ORGANIC_ONLY,35.0,0,0,0.0,0.0,
virtual address new york,ORGANIC_ONLY,98.0,0,0,0.0,0.0,
yes please check,ORGANIC_ONLY,9.0,0,0,0.0,0.0,
best reliable new york llc formation services with compliance help 2026,ORGANIC_ONLY,11.0,0,0,0.0,0.0,
forms to start an llc,ORGANIC_ONLY,89.0,0,0,0.0,0.0,
professional legal,ORGANIC_ONLY,28.0,0,0,0.0,0.0,
publish my llc bronx county,ORGANIC_ONLY,93.0,0,0,0.0,0.0,
the bronx how to publish an llc,ORGANIC_ONLY,87.0,0,0,0.0,0.0,
business mail forwarding address,ORGANIC_ONLY,56.0,0,0,0.0,0.0,
virtual address for llc cost,ORGANIC_ONLY,56.0,0,0,0.0,0.0,
can np open their own practice in ny,ORGANIC_ONLY,55.8,0,0,0.0,0.0,
starting an llc in new york faqs,ORGANIC_ONLY,73.0,0,0,0.0,0.0,
white plains business formation services,ORGANIC_ONLY,97.0,0,0,0.0,0.0,
pllc law firms and attorneys,ORGANIC_ONLY,3.0,0,0,0.0,0.0,
best llc formation services in new york 2026,ORGANIC_ONLY,12.0,0,0,0.0,0.0,
file pt,ORGANIC_ONLY,17.5,0,0,0.0,0.0,
professional registered engineer,ORGANIC_ONLY,85.0,0,0,0.0,0.0,
how to form an llc online,ORGANIC_ONLY,98.0,0,0,0.0,0.0,
1099,ORGANIC_ONLY,6.0,0,0,0.0,0.0,
nurse practitioner,ORGANIC_ONLY,3.8,0,0,0.0,0.0,
pt professional,ORGANIC_ONLY,28.7,0,0,0.0,0.0,
new york virtual office address,ORGANIC_ONLY,81.5,0,0,0.0,0.0,
professional llc formation services,ORGANIC_ONLY,9.3,0,0,0.0,0.0,
personal legal plans inc,ORGANIC_ONLY,69.0,0,0,0.0,0.0,
entity formation attorney,ORGANIC_ONLY,21.0,0,0,0.0,0.0,
easiest way to form an llc,ORGANIC_ONLY,95.6,0,0,0.0,0.0,
ein for pllc,ORGANIC_ONLY,2.0,0,0,0.0,0.0,
massage therapist business,ORGANIC_ONLY,13.3,0,0,0.0,0.0,
what is pllc in law,ORGANIC_ONLY,46.0,0,0,0.0,0.0,
1 blue hill plaza pearl river ny 10965,ORGANIC_ONLY,48.0,0,0,0.0,0.0,
best affordable services to form new york llc 2026,ORGANIC_ONLY,20.0,0,0,0.0,0.0,
pt legal,ORGANIC_ONLY,13.0,0,0,0.0,0.0,
virtual office registered agent,ORGANIC_ONLY,47.3,0,0,0.0,0.0,
professional body for engineers,ORGANIC_ONLY,79.0,0,0,0.0,0.0,
what is a professional llc,ORGANIC_ONLY,74.2,0,0,0.0,0.0,
publish my llc queens county,ORGANIC_ONLY,97.0,0,0,0.0,0.0,
lawyers certificate,ORGANIC_ONLY,19.0,0,0,0.0,0.0,
mhc form,ORGANIC_ONLY,9.0,0,0,0.0,0.0,
